/home/akioz/miniconda3/envs/wrf/lib/python3.10/site-packages/wrf/__init__.py:3: UserWarning: pkg_resources is deprecated as an API. See https://setuptools.pypa.io/en/latest/pkg_resources.html. The pkg_resources package is slated for removal as early as 2025-11-30. Refrain from using this package or pin to Setuptools<81.
  import pkg_resources
Set Time : 2024-12-01 00:00:00----2025-02-28 18:00:00 dh=6
time: 2024-12-01_00:00:00
Caluculate_7days_Moving_Mean
from 2024-11-27 12:00:00
to 2024-12-04 12:00:00
space_mean(CTL) =  -1.2550985
space_mean(ME00) =  -1.326754
Change_Time_Step

time: 2024-12-01_06:00:00
Caluculate_7days_Moving_Mean
from 2024-11-27 18:00:00
to 2024-12-04 18:00:00
space_mean(CTL) =  -1.3745669
space_mean(ME00) =  -1.4320693
Change_Time_Step

time: 2024-12-01_12:00:00
Caluculate_7days_Moving_Mean
from 2024-11-28 00:00:00
to 2024-12-05 00:00:00
space_mean(CTL) =  -1.4717525
space_mean(ME00) =  -1.5336386
Change_Time_Step

time: 2024-12-01_18:00:00
Caluculate_7days_Moving_Mean
from 2024-11-28 06:00:00
to 2024-12-05 06:00:00
space_mean(CTL) =  -1.5820965
space_mean(ME00) =  -1.6460731
Change_Time_Step

time: 2024-12-02_00:00:00
Caluculate_7days_Moving_Mean
from 2024-11-28 12:00:00
to 2024-12-05 12:00:00
space_mean(CTL) =  -1.6747041
space_mean(ME00) =  -1.738396
Change_Time_Step

time: 2024-12-02_06:00:00
Caluculate_7days_Moving_Mean
from 2024-11-28 18:00:00
to 2024-12-05 18:00:00
space_mean(CTL) =  -1.744991
space_mean(ME00) =  -1.8066384
Change_Time_Step

time: 2024-12-02_12:00:00
Caluculate_7days_Moving_Mean
from 2024-11-29 00:00:00
to 2024-12-06 00:00:00
space_mean(CTL) =  -1.8088604
space_mean(ME00) =  -1.8679202
Change_Time_Step

time: 2024-12-02_18:00:00
Caluculate_7days_Moving_Mean
from 2024-11-29 06:00:00
to 2024-12-06 06:00:00
space_mean(CTL) =  -1.8773911
space_mean(ME00) =  -1.9392741
Change_Time_Step

time: 2024-12-03_00:00:00
Caluculate_7days_Moving_Mean
from 2024-11-29 12:00:00
to 2024-12-06 12:00:00
space_mean(CTL) =  -1.9332635
space_mean(ME00) =  -1.9932058
Change_Time_Step

time: 2024-12-03_06:00:00
Caluculate_7days_Moving_Mean
from 2024-11-29 18:00:00
to 2024-12-06 18:00:00
space_mean(CTL) =  -1.9698169
space_mean(ME00) =  -2.0244946
Change_Time_Step

time: 2024-12-03_12:00:00
Caluculate_7days_Moving_Mean
from 2024-11-30 00:00:00
to 2024-12-07 00:00:00
space_mean(CTL) =  -2.0005178
space_mean(ME00) =  -2.0565557
Change_Time_Step

time: 2024-12-03_18:00:00
Caluculate_7days_Moving_Mean
from 2024-11-30 06:00:00
to 2024-12-07 06:00:00
space_mean(CTL) =  -2.0688796
space_mean(ME00) =  -2.1116822
Change_Time_Step

time: 2024-12-04_00:00:00
Caluculate_7days_Moving_Mean
from 2024-11-30 12:00:00
to 2024-12-07 12:00:00
space_mean(CTL) =  -2.180883
space_mean(ME00) =  -2.236865
Change_Time_Step

time: 2024-12-04_06:00:00
Caluculate_7days_Moving_Mean
from 2024-11-30 18:00:00
to 2024-12-07 18:00:00
space_mean(CTL) =  -2.3318837
space_mean(ME00) =  -2.406198
Change_Time_Step

time: 2024-12-04_12:00:00
Caluculate_7days_Moving_Mean
from 2024-12-01 00:00:00
to 2024-12-08 00:00:00
space_mean(CTL) =  -2.4973593
space_mean(ME00) =  -2.5585036
Change_Time_Step

time: 2024-12-04_18:00:00
Caluculate_7days_Moving_Mean
from 2024-12-01 06:00:00
to 2024-12-08 06:00:00
space_mean(CTL) =  -2.6623273
space_mean(ME00) =  -2.7145739
Change_Time_Step

time: 2024-12-05_00:00:00
Caluculate_7days_Moving_Mean
from 2024-12-01 12:00:00
to 2024-12-08 12:00:00
space_mean(CTL) =  -2.8479865
space_mean(ME00) =  -2.9020169
Change_Time_Step

time: 2024-12-05_06:00:00
Caluculate_7days_Moving_Mean
from 2024-12-01 18:00:00
to 2024-12-08 18:00:00
space_mean(CTL) =  -3.0524685
space_mean(ME00) =  -3.1031702
Change_Time_Step

time: 2024-12-05_12:00:00
Caluculate_7days_Moving_Mean
from 2024-12-02 00:00:00
to 2024-12-09 00:00:00
space_mean(CTL) =  -3.2535207
space_mean(ME00) =  -3.301487
Change_Time_Step

time: 2024-12-05_18:00:00
Caluculate_7days_Moving_Mean
from 2024-12-02 06:00:00
to 2024-12-09 06:00:00
space_mean(CTL) =  -3.4464202
space_mean(ME00) =  -3.500653
Change_Time_Step

time: 2024-12-06_00:00:00
Caluculate_7days_Moving_Mean
from 2024-12-02 12:00:00
to 2024-12-09 12:00:00
space_mean(CTL) =  -3.6353812
space_mean(ME00) =  -3.692846
Change_Time_Step

time: 2024-12-06_06:00:00
Caluculate_7days_Moving_Mean
from 2024-12-02 18:00:00
to 2024-12-09 18:00:00
space_mean(CTL) =  -3.8207982
space_mean(ME00) =  -3.8754554
Change_Time_Step

time: 2024-12-06_12:00:00
Caluculate_7days_Moving_Mean
from 2024-12-03 00:00:00
to 2024-12-10 00:00:00
space_mean(CTL) =  -4.0175867
space_mean(ME00) =  -4.0677347
Change_Time_Step

time: 2024-12-06_18:00:00
Caluculate_7days_Moving_Mean
from 2024-12-03 06:00:00
to 2024-12-10 06:00:00
space_mean(CTL) =  -4.209987
space_mean(ME00) =  -4.2656417
Change_Time_Step

time: 2024-12-07_00:00:00
Caluculate_7days_Moving_Mean
from 2024-12-03 12:00:00
to 2024-12-10 12:00:00
space_mean(CTL) =  -4.413703
space_mean(ME00) =  -4.4648294
Change_Time_Step

time: 2024-12-07_06:00:00
Caluculate_7days_Moving_Mean
from 2024-12-03 18:00:00
to 2024-12-10 18:00:00
space_mean(CTL) =  -4.592845
space_mean(ME00) =  -4.655509
Change_Time_Step

time: 2024-12-07_12:00:00
Caluculate_7days_Moving_Mean
from 2024-12-04 00:00:00
to 2024-12-11 00:00:00
space_mean(CTL) =  -4.7809105
space_mean(ME00) =  -4.8445067
Change_Time_Step

time: 2024-12-07_18:00:00
Caluculate_7days_Moving_Mean
from 2024-12-04 06:00:00
to 2024-12-11 06:00:00
space_mean(CTL) =  -4.96141
space_mean(ME00) =  -5.017486
Change_Time_Step

time: 2024-12-08_00:00:00
Caluculate_7days_Moving_Mean
from 2024-12-04 12:00:00
to 2024-12-11 12:00:00
space_mean(CTL) =  -5.1236105
space_mean(ME00) =  -5.176904
Change_Time_Step

time: 2024-12-08_06:00:00
Caluculate_7days_Moving_Mean
from 2024-12-04 18:00:00
to 2024-12-11 18:00:00
space_mean(CTL) =  -5.2674046
space_mean(ME00) =  -5.3380537
Change_Time_Step

time: 2024-12-08_12:00:00
Caluculate_7days_Moving_Mean
from 2024-12-05 00:00:00
to 2024-12-12 00:00:00
space_mean(CTL) =  -5.4135156
space_mean(ME00) =  -5.4780555
Change_Time_Step

time: 2024-12-08_18:00:00
Caluculate_7days_Moving_Mean
from 2024-12-05 06:00:00
to 2024-12-12 06:00:00
space_mean(CTL) =  -5.535125
space_mean(ME00) =  -5.594161
Change_Time_Step

time: 2024-12-09_00:00:00
Caluculate_7days_Moving_Mean
from 2024-12-05 12:00:00
to 2024-12-12 12:00:00
space_mean(CTL) =  -5.64856
space_mean(ME00) =  -5.70388
Change_Time_Step

time: 2024-12-09_06:00:00
Caluculate_7days_Moving_Mean
from 2024-12-05 18:00:00
to 2024-12-12 18:00:00
space_mean(CTL) =  -5.735042
space_mean(ME00) =  -5.790366
Change_Time_Step

time: 2024-12-09_12:00:00
Caluculate_7days_Moving_Mean
from 2024-12-06 00:00:00
to 2024-12-13 00:00:00
space_mean(CTL) =  -5.800067
space_mean(ME00) =  -5.8542814
Change_Time_Step

time: 2024-12-09_18:00:00
Caluculate_7days_Moving_Mean
from 2024-12-06 06:00:00
to 2024-12-13 06:00:00
space_mean(CTL) =  -5.8450036
space_mean(ME00) =  -5.891522
Change_Time_Step

time: 2024-12-10_00:00:00
Caluculate_7days_Moving_Mean
from 2024-12-06 12:00:00
to 2024-12-13 12:00:00
space_mean(CTL) =  -5.8654733
space_mean(ME00) =  -5.9124193
Change_Time_Step

time: 2024-12-10_06:00:00
Caluculate_7days_Moving_Mean
from 2024-12-06 18:00:00
to 2024-12-13 18:00:00
space_mean(CTL) =  -5.8550506
space_mean(ME00) =  -5.9098024
Change_Time_Step

time: 2024-12-10_12:00:00
Caluculate_7days_Moving_Mean
from 2024-12-07 00:00:00
to 2024-12-14 00:00:00
space_mean(CTL) =  -5.837192
space_mean(ME00) =  -5.8955407
Change_Time_Step

time: 2024-12-10_18:00:00
Caluculate_7days_Moving_Mean
from 2024-12-07 06:00:00
to 2024-12-14 06:00:00
space_mean(CTL) =  -5.84036
space_mean(ME00) =  -5.8924136
Change_Time_Step

time: 2024-12-11_00:00:00
Caluculate_7days_Moving_Mean
from 2024-12-07 12:00:00
to 2024-12-14 12:00:00
space_mean(CTL) =  -5.8721128
space_mean(ME00) =  -5.894141
Change_Time_Step

time: 2024-12-11_06:00:00
Caluculate_7days_Moving_Mean
from 2024-12-07 18:00:00
to 2024-12-14 18:00:00
space_mean(CTL) =  -5.8638763
space_mean(ME00) =  -5.8752217
Change_Time_Step

time: 2024-12-11_12:00:00
Caluculate_7days_Moving_Mean
from 2024-12-08 00:00:00
to 2024-12-15 00:00:00
space_mean(CTL) =  -5.8327265
space_mean(ME00) =  -5.8521686
Change_Time_Step

time: 2024-12-11_18:00:00
Caluculate_7days_Moving_Mean
from 2024-12-08 06:00:00
to 2024-12-15 06:00:00
space_mean(CTL) =  -5.7910852
space_mean(ME00) =  -5.8165097
Change_Time_Step

time: 2024-12-12_00:00:00
Caluculate_7days_Moving_Mean
from 2024-12-08 12:00:00
to 2024-12-15 12:00:00
space_mean(CTL) =  -5.7088604
space_mean(ME00) =  -5.7397614
Change_Time_Step

time: 2024-12-12_06:00:00
Caluculate_7days_Moving_Mean
from 2024-12-08 18:00:00
to 2024-12-15 18:00:00
space_mean(CTL) =  -5.608641
space_mean(ME00) =  -5.64469
Change_Time_Step

time: 2024-12-12_12:00:00
Caluculate_7days_Moving_Mean
from 2024-12-09 00:00:00
to 2024-12-16 00:00:00
space_mean(CTL) =  -5.5259624
space_mean(ME00) =  -5.559043
Change_Time_Step

time: 2024-12-12_18:00:00
Caluculate_7days_Moving_Mean
from 2024-12-09 06:00:00
to 2024-12-16 06:00:00
space_mean(CTL) =  -5.470033
space_mean(ME00) =  -5.4965487
Change_Time_Step

time: 2024-12-13_00:00:00
Caluculate_7days_Moving_Mean
from 2024-12-09 12:00:00
to 2024-12-16 12:00:00
space_mean(CTL) =  -5.419865
space_mean(ME00) =  -5.449042
Change_Time_Step

time: 2024-12-13_06:00:00
Caluculate_7days_Moving_Mean
from 2024-12-09 18:00:00
to 2024-12-16 18:00:00
space_mean(CTL) =  -5.376118
space_mean(ME00) =  -5.404649
Change_Time_Step

time: 2024-12-13_12:00:00
Caluculate_7days_Moving_Mean
from 2024-12-10 00:00:00
to 2024-12-17 00:00:00
space_mean(CTL) =  -5.333333
space_mean(ME00) =  -5.363426
Change_Time_Step

time: 2024-12-13_18:00:00
Caluculate_7days_Moving_Mean
from 2024-12-10 06:00:00
to 2024-12-17 06:00:00
space_mean(CTL) =  -5.300356
space_mean(ME00) =  -5.331413
Change_Time_Step

time: 2024-12-14_00:00:00
Caluculate_7days_Moving_Mean
from 2024-12-10 12:00:00
to 2024-12-17 12:00:00
space_mean(CTL) =  -5.2835274
space_mean(ME00) =  -5.312207
Change_Time_Step

time: 2024-12-14_06:00:00
Caluculate_7days_Moving_Mean
from 2024-12-10 18:00:00
to 2024-12-17 18:00:00
space_mean(CTL) =  -5.2921996
space_mean(ME00) =  -5.320716
Change_Time_Step

time: 2024-12-14_12:00:00
Caluculate_7days_Moving_Mean
from 2024-12-11 00:00:00
to 2024-12-18 00:00:00
space_mean(CTL) =  -5.3089767
space_mean(ME00) =  -5.3399153
Change_Time_Step

time: 2024-12-14_18:00:00
Caluculate_7days_Moving_Mean
from 2024-12-11 06:00:00
to 2024-12-18 06:00:00
space_mean(CTL) =  -5.339902
space_mean(ME00) =  -5.373761
Change_Time_Step

time: 2024-12-15_00:00:00
Caluculate_7days_Moving_Mean
from 2024-12-11 12:00:00
to 2024-12-18 12:00:00
space_mean(CTL) =  -5.38844
space_mean(ME00) =  -5.4190574
Change_Time_Step

time: 2024-12-15_06:00:00
Caluculate_7days_Moving_Mean
from 2024-12-11 18:00:00
to 2024-12-18 18:00:00
space_mean(CTL) =  -5.420884
space_mean(ME00) =  -5.451198
Change_Time_Step

time: 2024-12-15_12:00:00
Caluculate_7days_Moving_Mean
from 2024-12-12 00:00:00
to 2024-12-19 00:00:00
space_mean(CTL) =  -5.425887
space_mean(ME00) =  -5.4535213
Change_Time_Step

time: 2024-12-15_18:00:00
Caluculate_7days_Moving_Mean
from 2024-12-12 06:00:00
to 2024-12-19 06:00:00
space_mean(CTL) =  -5.4001565
space_mean(ME00) =  -5.42544
Change_Time_Step

time: 2024-12-16_00:00:00
Caluculate_7days_Moving_Mean
from 2024-12-12 12:00:00
to 2024-12-19 12:00:00
space_mean(CTL) =  -5.366654
space_mean(ME00) =  -5.3893447
Change_Time_Step

time: 2024-12-16_06:00:00
Caluculate_7days_Moving_Mean
from 2024-12-12 18:00:00
to 2024-12-19 18:00:00
space_mean(CTL) =  -5.333958
space_mean(ME00) =  -5.35103
Change_Time_Step

time: 2024-12-16_12:00:00
Caluculate_7days_Moving_Mean
from 2024-12-13 00:00:00
to 2024-12-20 00:00:00
space_mean(CTL) =  -5.3180747
space_mean(ME00) =  -5.3317113
Change_Time_Step

time: 2024-12-16_18:00:00
Caluculate_7days_Moving_Mean
from 2024-12-13 06:00:00
to 2024-12-20 06:00:00
space_mean(CTL) =  -5.3034015
space_mean(ME00) =  -5.3215923
Change_Time_Step

time: 2024-12-17_00:00:00
Caluculate_7days_Moving_Mean
from 2024-12-13 12:00:00
to 2024-12-20 12:00:00
space_mean(CTL) =  -5.2919846
space_mean(ME00) =  -5.307857
Change_Time_Step

time: 2024-12-17_06:00:00
Caluculate_7days_Moving_Mean
from 2024-12-13 18:00:00
to 2024-12-20 18:00:00
space_mean(CTL) =  -5.284826
space_mean(ME00) =  -5.299352
Change_Time_Step

time: 2024-12-17_12:00:00
Caluculate_7days_Moving_Mean
from 2024-12-14 00:00:00
to 2024-12-21 00:00:00
space_mean(CTL) =  -5.263187
space_mean(ME00) =  -5.2764096
Change_Time_Step

time: 2024-12-17_18:00:00
Caluculate_7days_Moving_Mean
from 2024-12-14 06:00:00
to 2024-12-21 06:00:00
space_mean(CTL) =  -5.204285
space_mean(ME00) =  -5.231844
Change_Time_Step

time: 2024-12-18_00:00:00
Caluculate_7days_Moving_Mean
from 2024-12-14 12:00:00
to 2024-12-21 12:00:00
space_mean(CTL) =  -5.0986066
space_mean(ME00) =  -5.1428432
Change_Time_Step

time: 2024-12-18_06:00:00
Caluculate_7days_Moving_Mean
from 2024-12-14 18:00:00
to 2024-12-21 18:00:00
space_mean(CTL) =  -5.0085125
space_mean(ME00) =  -5.062669
Change_Time_Step

time: 2024-12-18_12:00:00
Caluculate_7days_Moving_Mean
from 2024-12-15 00:00:00
to 2024-12-22 00:00:00
space_mean(CTL) =  -4.9736023
space_mean(ME00) =  -5.030609
Change_Time_Step

time: 2024-12-18_18:00:00
Caluculate_7days_Moving_Mean
from 2024-12-15 06:00:00
to 2024-12-22 06:00:00
space_mean(CTL) =  -5.002981
space_mean(ME00) =  -5.0595684
Change_Time_Step

time: 2024-12-19_00:00:00
Caluculate_7days_Moving_Mean
from 2024-12-15 12:00:00
to 2024-12-22 12:00:00
space_mean(CTL) =  -5.097273
space_mean(ME00) =  -5.1548724
Change_Time_Step

time: 2024-12-19_06:00:00
Caluculate_7days_Moving_Mean
from 2024-12-15 18:00:00
to 2024-12-22 18:00:00
space_mean(CTL) =  -5.21914
space_mean(ME00) =  -5.2694526
Change_Time_Step

time: 2024-12-19_12:00:00
Caluculate_7days_Moving_Mean
from 2024-12-16 00:00:00
to 2024-12-23 00:00:00
space_mean(CTL) =  -5.333258
space_mean(ME00) =  -5.3886504
Change_Time_Step

time: 2024-12-19_18:00:00
Caluculate_7days_Moving_Mean
from 2024-12-16 06:00:00
to 2024-12-23 06:00:00
space_mean(CTL) =  -5.4374976
space_mean(ME00) =  -5.4989114
Change_Time_Step

time: 2024-12-20_00:00:00
Caluculate_7days_Moving_Mean
from 2024-12-16 12:00:00
to 2024-12-23 12:00:00
space_mean(CTL) =  -5.532752
space_mean(ME00) =  -5.5933485
Change_Time_Step

time: 2024-12-20_06:00:00
Caluculate_7days_Moving_Mean
from 2024-12-16 18:00:00
to 2024-12-23 18:00:00
space_mean(CTL) =  -5.6151896
space_mean(ME00) =  -5.678878
Change_Time_Step

time: 2024-12-20_12:00:00
Caluculate_7days_Moving_Mean
from 2024-12-17 00:00:00
to 2024-12-24 00:00:00
space_mean(CTL) =  -5.675737
space_mean(ME00) =  -5.741119
Change_Time_Step

time: 2024-12-20_18:00:00
Caluculate_7days_Moving_Mean
from 2024-12-17 06:00:00
to 2024-12-24 06:00:00
space_mean(CTL) =  -5.693899
space_mean(ME00) =  -5.755537
Change_Time_Step

time: 2024-12-21_00:00:00
Caluculate_7days_Moving_Mean
from 2024-12-17 12:00:00
to 2024-12-24 12:00:00
space_mean(CTL) =  -5.6618347
space_mean(ME00) =  -5.7202616
Change_Time_Step

time: 2024-12-21_06:00:00
Caluculate_7days_Moving_Mean
from 2024-12-17 18:00:00
to 2024-12-24 18:00:00
space_mean(CTL) =  -5.59587
space_mean(ME00) =  -5.6466093
Change_Time_Step

time: 2024-12-21_12:00:00
Caluculate_7days_Moving_Mean
from 2024-12-18 00:00:00
to 2024-12-25 00:00:00
space_mean(CTL) =  -5.502077
space_mean(ME00) =  -5.548053
Change_Time_Step

time: 2024-12-21_18:00:00
Caluculate_7days_Moving_Mean
from 2024-12-18 06:00:00
to 2024-12-25 06:00:00
space_mean(CTL) =  -5.3815827
space_mean(ME00) =  -5.425615
Change_Time_Step

time: 2024-12-22_00:00:00
Caluculate_7days_Moving_Mean
from 2024-12-18 12:00:00
to 2024-12-25 12:00:00
space_mean(CTL) =  -5.2370825
space_mean(ME00) =  -5.2834263
Change_Time_Step

time: 2024-12-22_06:00:00
Caluculate_7days_Moving_Mean
from 2024-12-18 18:00:00
to 2024-12-25 18:00:00
space_mean(CTL) =  -5.088048
space_mean(ME00) =  -5.134012
Change_Time_Step

time: 2024-12-22_12:00:00
Caluculate_7days_Moving_Mean
from 2024-12-19 00:00:00
to 2024-12-26 00:00:00
space_mean(CTL) =  -4.938958
space_mean(ME00) =  -4.98907
Change_Time_Step

time: 2024-12-22_18:00:00
Caluculate_7days_Moving_Mean
from 2024-12-19 06:00:00
to 2024-12-26 06:00:00
space_mean(CTL) =  -4.8101225
space_mean(ME00) =  -4.868241
Change_Time_Step

time: 2024-12-23_00:00:00
Caluculate_7days_Moving_Mean
from 2024-12-19 12:00:00
to 2024-12-26 12:00:00
space_mean(CTL) =  -4.7149405
space_mean(ME00) =  -4.778797
Change_Time_Step

time: 2024-12-23_06:00:00
Caluculate_7days_Moving_Mean
from 2024-12-19 18:00:00
to 2024-12-26 18:00:00
space_mean(CTL) =  -4.67182
space_mean(ME00) =  -4.7378364
Change_Time_Step

time: 2024-12-23_12:00:00
Caluculate_7days_Moving_Mean
from 2024-12-20 00:00:00
to 2024-12-27 00:00:00
space_mean(CTL) =  -4.6714506
space_mean(ME00) =  -4.7412276
Change_Time_Step

time: 2024-12-23_18:00:00
Caluculate_7days_Moving_Mean
from 2024-12-20 06:00:00
to 2024-12-27 06:00:00
space_mean(CTL) =  -4.716574
space_mean(ME00) =  -4.784472
Change_Time_Step

time: 2024-12-24_00:00:00
Caluculate_7days_Moving_Mean
from 2024-12-20 12:00:00
to 2024-12-27 12:00:00
space_mean(CTL) =  -4.796602
space_mean(ME00) =  -4.863469
Change_Time_Step

time: 2024-12-24_06:00:00
Caluculate_7days_Moving_Mean
from 2024-12-20 18:00:00
to 2024-12-27 18:00:00
space_mean(CTL) =  -4.9046392
space_mean(ME00) =  -4.9744506
Change_Time_Step

time: 2024-12-24_12:00:00
Caluculate_7days_Moving_Mean
from 2024-12-21 00:00:00
to 2024-12-28 00:00:00
space_mean(CTL) =  -5.0192704
space_mean(ME00) =  -5.0917816
Change_Time_Step

time: 2024-12-24_18:00:00
Caluculate_7days_Moving_Mean
from 2024-12-21 06:00:00
to 2024-12-28 06:00:00
space_mean(CTL) =  -5.126936
space_mean(ME00) =  -5.1923604
Change_Time_Step

time: 2024-12-25_00:00:00
Caluculate_7days_Moving_Mean
from 2024-12-21 12:00:00
to 2024-12-28 12:00:00
space_mean(CTL) =  -5.217545
space_mean(ME00) =  -5.2859054
Change_Time_Step

time: 2024-12-25_06:00:00
Caluculate_7days_Moving_Mean
from 2024-12-21 18:00:00
to 2024-12-28 18:00:00
space_mean(CTL) =  -5.2826285
space_mean(ME00) =  -5.35165
Change_Time_Step

time: 2024-12-25_12:00:00
Caluculate_7days_Moving_Mean
from 2024-12-22 00:00:00
to 2024-12-29 00:00:00
space_mean(CTL) =  -5.2733374
space_mean(ME00) =  -5.337455
Change_Time_Step

time: 2024-12-25_18:00:00
Caluculate_7days_Moving_Mean
from 2024-12-22 06:00:00
to 2024-12-29 06:00:00
space_mean(CTL) =  -5.163841
space_mean(ME00) =  -5.2243886
Change_Time_Step

time: 2024-12-26_00:00:00
Caluculate_7days_Moving_Mean
from 2024-12-22 12:00:00
to 2024-12-29 12:00:00
space_mean(CTL) =  -4.9816766
space_mean(ME00) =  -5.038478
Change_Time_Step

time: 2024-12-26_06:00:00
Caluculate_7days_Moving_Mean
from 2024-12-22 18:00:00
to 2024-12-29 18:00:00
space_mean(CTL) =  -4.774316
space_mean(ME00) =  -4.839364
Change_Time_Step

time: 2024-12-26_12:00:00
Caluculate_7days_Moving_Mean
from 2024-12-23 00:00:00
to 2024-12-30 00:00:00
space_mean(CTL) =  -4.576903
space_mean(ME00) =  -4.632893
Change_Time_Step

time: 2024-12-26_18:00:00
Caluculate_7days_Moving_Mean
from 2024-12-23 06:00:00
to 2024-12-30 06:00:00
space_mean(CTL) =  -4.372688
space_mean(ME00) =  -4.42353
Change_Time_Step

time: 2024-12-27_00:00:00
Caluculate_7days_Moving_Mean
from 2024-12-23 12:00:00
to 2024-12-30 12:00:00
space_mean(CTL) =  -4.177132
space_mean(ME00) =  -4.229117
Change_Time_Step

time: 2024-12-27_06:00:00
Caluculate_7days_Moving_Mean
from 2024-12-23 18:00:00
to 2024-12-30 18:00:00
space_mean(CTL) =  -4.010505
space_mean(ME00) =  -4.065863
Change_Time_Step

time: 2024-12-27_12:00:00
Caluculate_7days_Moving_Mean
from 2024-12-24 00:00:00
to 2024-12-31 00:00:00
space_mean(CTL) =  -3.85131
space_mean(ME00) =  -3.904058
Change_Time_Step

time: 2024-12-27_18:00:00
Caluculate_7days_Moving_Mean
from 2024-12-24 06:00:00
to 2024-12-31 06:00:00
space_mean(CTL) =  -3.7140262
space_mean(ME00) =  -3.7669961
Change_Time_Step

time: 2024-12-28_00:00:00
Caluculate_7days_Moving_Mean
from 2024-12-24 12:00:00
to 2024-12-31 12:00:00
space_mean(CTL) =  -3.611807
space_mean(ME00) =  -3.6714118
Change_Time_Step

time: 2024-12-28_06:00:00
Caluculate_7days_Moving_Mean
from 2024-12-24 18:00:00
to 2024-12-31 18:00:00
space_mean(CTL) =  -3.5949636
space_mean(ME00) =  -3.6622176
Change_Time_Step

time: 2024-12-28_12:00:00
Caluculate_7days_Moving_Mean
from 2024-12-25 00:00:00
to 2025-01-01 00:00:00
space_mean(CTL) =  -3.6373184
space_mean(ME00) =  -3.7053936
Change_Time_Step

time: 2024-12-28_18:00:00
Caluculate_7days_Moving_Mean
from 2024-12-25 06:00:00
to 2025-01-01 06:00:00
space_mean(CTL) =  -3.6973186
space_mean(ME00) =  -3.7609556
Change_Time_Step

time: 2024-12-29_00:00:00
Caluculate_7days_Moving_Mean
from 2024-12-25 12:00:00
to 2025-01-01 12:00:00
space_mean(CTL) =  -3.7811522
space_mean(ME00) =  -3.8433456
Change_Time_Step

time: 2024-12-29_06:00:00
Caluculate_7days_Moving_Mean
from 2024-12-25 18:00:00
to 2025-01-01 18:00:00
space_mean(CTL) =  -3.8675838
space_mean(ME00) =  -3.9277344
Change_Time_Step

time: 2024-12-29_12:00:00
Caluculate_7days_Moving_Mean
from 2024-12-26 00:00:00
to 2025-01-02 00:00:00
space_mean(CTL) =  -3.9474611
space_mean(ME00) =  -4.006009
Change_Time_Step

time: 2024-12-29_18:00:00
Caluculate_7days_Moving_Mean
from 2024-12-26 06:00:00
to 2025-01-02 06:00:00
space_mean(CTL) =  -4.0102825
space_mean(ME00) =  -4.06302
Change_Time_Step

time: 2024-12-30_00:00:00
Caluculate_7days_Moving_Mean
from 2024-12-26 12:00:00
to 2025-01-02 12:00:00
space_mean(CTL) =  -4.0428743
space_mean(ME00) =  -4.09182
Change_Time_Step

time: 2024-12-30_06:00:00
Caluculate_7days_Moving_Mean
from 2024-12-26 18:00:00
to 2025-01-02 18:00:00
space_mean(CTL) =  -4.0604777
space_mean(ME00) =  -4.114004
Change_Time_Step

time: 2024-12-30_12:00:00
Caluculate_7days_Moving_Mean
from 2024-12-27 00:00:00
to 2025-01-03 00:00:00
space_mean(CTL) =  -4.0455704
space_mean(ME00) =  -4.101712
Change_Time_Step

time: 2024-12-30_18:00:00
Caluculate_7days_Moving_Mean
from 2024-12-27 06:00:00
to 2025-01-03 06:00:00
space_mean(CTL) =  -3.9909294
space_mean(ME00) =  -4.048363
Change_Time_Step

time: 2024-12-31_00:00:00
Caluculate_7days_Moving_Mean
from 2024-12-27 12:00:00
to 2025-01-03 12:00:00
space_mean(CTL) =  -3.9172146
space_mean(ME00) =  -3.9733148
Change_Time_Step

time: 2024-12-31_06:00:00
Caluculate_7days_Moving_Mean
from 2024-12-27 18:00:00
to 2025-01-03 18:00:00
space_mean(CTL) =  -3.8120291
space_mean(ME00) =  -3.8686604
Change_Time_Step

time: 2024-12-31_12:00:00
Caluculate_7days_Moving_Mean
from 2024-12-28 00:00:00
to 2025-01-04 00:00:00
space_mean(CTL) =  -3.7027192
space_mean(ME00) =  -3.758515
Change_Time_Step

time: 2024-12-31_18:00:00
Caluculate_7days_Moving_Mean
from 2024-12-28 06:00:00
to 2025-01-04 06:00:00
space_mean(CTL) =  -3.5984108
space_mean(ME00) =  -3.6497655
Change_Time_Step

time: 2025-01-01_00:00:00
Caluculate_7days_Moving_Mean
from 2024-12-28 12:00:00
to 2025-01-04 12:00:00
space_mean(CTL) =  -3.4953396
space_mean(ME00) =  -3.5468452
Change_Time_Step

time: 2025-01-01_06:00:00
Caluculate_7days_Moving_Mean
from 2024-12-28 18:00:00
to 2025-01-04 18:00:00
space_mean(CTL) =  -3.396398
space_mean(ME00) =  -3.446547
Change_Time_Step

time: 2025-01-01_12:00:00
Caluculate_7days_Moving_Mean
from 2024-12-29 00:00:00
to 2025-01-05 00:00:00
space_mean(CTL) =  -3.3246427
space_mean(ME00) =  -3.3710334
Change_Time_Step

time: 2025-01-01_18:00:00
Caluculate_7days_Moving_Mean
from 2024-12-29 06:00:00
to 2025-01-05 06:00:00
space_mean(CTL) =  -3.2827322
space_mean(ME00) =  -3.3306382
Change_Time_Step

time: 2025-01-02_00:00:00
Caluculate_7days_Moving_Mean
from 2024-12-29 12:00:00
to 2025-01-05 12:00:00
space_mean(CTL) =  -3.2602806
space_mean(ME00) =  -3.3037422
Change_Time_Step

time: 2025-01-02_06:00:00
Caluculate_7days_Moving_Mean
from 2024-12-29 18:00:00
to 2025-01-05 18:00:00
space_mean(CTL) =  -3.232479
space_mean(ME00) =  -3.2689807
Change_Time_Step

time: 2025-01-02_12:00:00
Caluculate_7days_Moving_Mean
from 2024-12-30 00:00:00
to 2025-01-06 00:00:00
space_mean(CTL) =  -3.1729026
space_mean(ME00) =  -3.208268
Change_Time_Step

time: 2025-01-02_18:00:00
Caluculate_7days_Moving_Mean
from 2024-12-30 06:00:00
to 2025-01-06 06:00:00
space_mean(CTL) =  -3.0986838
space_mean(ME00) =  -3.1261415
Change_Time_Step

time: 2025-01-03_00:00:00
Caluculate_7days_Moving_Mean
from 2024-12-30 12:00:00
to 2025-01-06 12:00:00
space_mean(CTL) =  -3.003539
space_mean(ME00) =  -3.0275202
Change_Time_Step

time: 2025-01-03_06:00:00
Caluculate_7days_Moving_Mean
from 2024-12-30 18:00:00
to 2025-01-06 18:00:00
space_mean(CTL) =  -2.907227
space_mean(ME00) =  -2.9276557
Change_Time_Step

time: 2025-01-03_12:00:00
Caluculate_7days_Moving_Mean
from 2024-12-31 00:00:00
to 2025-01-07 00:00:00
space_mean(CTL) =  -2.8264074
space_mean(ME00) =  -2.8431761
Change_Time_Step

time: 2025-01-03_18:00:00
Caluculate_7days_Moving_Mean
from 2024-12-31 06:00:00
to 2025-01-07 06:00:00
space_mean(CTL) =  -2.7636304
space_mean(ME00) =  -2.7794583
Change_Time_Step

time: 2025-01-04_00:00:00
Caluculate_7days_Moving_Mean
from 2024-12-31 12:00:00
to 2025-01-07 12:00:00
space_mean(CTL) =  -2.7528563
space_mean(ME00) =  -2.765332
Change_Time_Step

time: 2025-01-04_06:00:00
Caluculate_7days_Moving_Mean
from 2024-12-31 18:00:00
to 2025-01-07 18:00:00
space_mean(CTL) =  -2.7536414
space_mean(ME00) =  -2.76403
Change_Time_Step

time: 2025-01-04_12:00:00
Caluculate_7days_Moving_Mean
from 2025-01-01 00:00:00
to 2025-01-08 00:00:00
space_mean(CTL) =  -2.7382553
space_mean(ME00) =  -2.751409
Change_Time_Step

time: 2025-01-04_18:00:00
Caluculate_7days_Moving_Mean
from 2025-01-01 06:00:00
to 2025-01-08 06:00:00
space_mean(CTL) =  -2.7479184
space_mean(ME00) =  -2.7647696
Change_Time_Step

time: 2025-01-05_00:00:00
Caluculate_7days_Moving_Mean
from 2025-01-01 12:00:00
to 2025-01-08 12:00:00
space_mean(CTL) =  -2.754504
space_mean(ME00) =  -2.7663631
Change_Time_Step

time: 2025-01-05_06:00:00
Caluculate_7days_Moving_Mean
from 2025-01-01 18:00:00
to 2025-01-08 18:00:00
space_mean(CTL) =  -2.7734516
space_mean(ME00) =  -2.7909467
Change_Time_Step

time: 2025-01-05_12:00:00
Caluculate_7days_Moving_Mean
from 2025-01-02 00:00:00
to 2025-01-09 00:00:00
space_mean(CTL) =  -2.815686
space_mean(ME00) =  -2.8334026
Change_Time_Step

time: 2025-01-05_18:00:00
Caluculate_7days_Moving_Mean
from 2025-01-02 06:00:00
to 2025-01-09 06:00:00
space_mean(CTL) =  -2.8922436
space_mean(ME00) =  -2.9076078
Change_Time_Step

time: 2025-01-06_00:00:00
Caluculate_7days_Moving_Mean
from 2025-01-02 12:00:00
to 2025-01-09 12:00:00
space_mean(CTL) =  -2.99406
space_mean(ME00) =  -3.0138836
Change_Time_Step

time: 2025-01-06_06:00:00
Caluculate_7days_Moving_Mean
from 2025-01-02 18:00:00
to 2025-01-09 18:00:00
space_mean(CTL) =  -3.090394
space_mean(ME00) =  -3.1060305
Change_Time_Step

time: 2025-01-06_12:00:00
Caluculate_7days_Moving_Mean
from 2025-01-03 00:00:00
to 2025-01-10 00:00:00
space_mean(CTL) =  -3.1526186
space_mean(ME00) =  -3.162045
Change_Time_Step

time: 2025-01-06_18:00:00
Caluculate_7days_Moving_Mean
from 2025-01-03 06:00:00
to 2025-01-10 06:00:00
space_mean(CTL) =  -3.209674
space_mean(ME00) =  -3.2123358
Change_Time_Step

time: 2025-01-07_00:00:00
Caluculate_7days_Moving_Mean
from 2025-01-03 12:00:00
to 2025-01-10 12:00:00
space_mean(CTL) =  -3.2748997
space_mean(ME00) =  -3.2729802
Change_Time_Step

time: 2025-01-07_06:00:00
Caluculate_7days_Moving_Mean
from 2025-01-03 18:00:00
to 2025-01-10 18:00:00
space_mean(CTL) =  -3.3375926
space_mean(ME00) =  -3.3385699
Change_Time_Step

time: 2025-01-07_12:00:00
Caluculate_7days_Moving_Mean
from 2025-01-04 00:00:00
to 2025-01-11 00:00:00
space_mean(CTL) =  -3.388999
space_mean(ME00) =  -3.3897521
Change_Time_Step

time: 2025-01-07_18:00:00
Caluculate_7days_Moving_Mean
from 2025-01-04 06:00:00
to 2025-01-11 06:00:00
space_mean(CTL) =  -3.4255414
space_mean(ME00) =  -3.4296618
Change_Time_Step

time: 2025-01-08_00:00:00
Caluculate_7days_Moving_Mean
from 2025-01-04 12:00:00
to 2025-01-11 12:00:00
space_mean(CTL) =  -3.4510584
space_mean(ME00) =  -3.4513505
Change_Time_Step

time: 2025-01-08_06:00:00
Caluculate_7days_Moving_Mean
from 2025-01-04 18:00:00
to 2025-01-11 18:00:00
space_mean(CTL) =  -3.467176
space_mean(ME00) =  -3.4636512
Change_Time_Step

time: 2025-01-08_12:00:00
Caluculate_7days_Moving_Mean
from 2025-01-05 00:00:00
to 2025-01-12 00:00:00
space_mean(CTL) =  -3.4659894
space_mean(ME00) =  -3.4638991
Change_Time_Step

time: 2025-01-08_18:00:00
Caluculate_7days_Moving_Mean
from 2025-01-05 06:00:00
to 2025-01-12 06:00:00
space_mean(CTL) =  -3.4540677
space_mean(ME00) =  -3.449548
Change_Time_Step

time: 2025-01-09_00:00:00
Caluculate_7days_Moving_Mean
from 2025-01-05 12:00:00
to 2025-01-12 12:00:00
space_mean(CTL) =  -3.4185417
space_mean(ME00) =  -3.4149148
Change_Time_Step

time: 2025-01-09_06:00:00
Caluculate_7days_Moving_Mean
from 2025-01-05 18:00:00
to 2025-01-12 18:00:00
space_mean(CTL) =  -3.3647025
space_mean(ME00) =  -3.36489
Change_Time_Step

time: 2025-01-09_12:00:00
Caluculate_7days_Moving_Mean
from 2025-01-06 00:00:00
to 2025-01-13 00:00:00
space_mean(CTL) =  -3.3190267
space_mean(ME00) =  -3.3270497
Change_Time_Step

time: 2025-01-09_18:00:00
Caluculate_7days_Moving_Mean
from 2025-01-06 06:00:00
to 2025-01-13 06:00:00
space_mean(CTL) =  -3.323578
space_mean(ME00) =  -3.3401754
Change_Time_Step

time: 2025-01-10_00:00:00
Caluculate_7days_Moving_Mean
from 2025-01-06 12:00:00
to 2025-01-13 12:00:00
space_mean(CTL) =  -3.396997
space_mean(ME00) =  -3.4175265
Change_Time_Step

time: 2025-01-10_06:00:00
Caluculate_7days_Moving_Mean
from 2025-01-06 18:00:00
to 2025-01-13 18:00:00
space_mean(CTL) =  -3.5143907
space_mean(ME00) =  -3.5320911
Change_Time_Step

time: 2025-01-10_12:00:00
Caluculate_7days_Moving_Mean
from 2025-01-07 00:00:00
to 2025-01-14 00:00:00
space_mean(CTL) =  -3.6517015
space_mean(ME00) =  -3.6726632
Change_Time_Step

time: 2025-01-10_18:00:00
Caluculate_7days_Moving_Mean
from 2025-01-07 06:00:00
to 2025-01-14 06:00:00
space_mean(CTL) =  -3.7832203
space_mean(ME00) =  -3.8072233
Change_Time_Step

time: 2025-01-11_00:00:00
Caluculate_7days_Moving_Mean
from 2025-01-07 12:00:00
to 2025-01-14 12:00:00
space_mean(CTL) =  -3.8569005
space_mean(ME00) =  -3.8844185
Change_Time_Step

time: 2025-01-11_06:00:00
Caluculate_7days_Moving_Mean
from 2025-01-07 18:00:00
to 2025-01-14 18:00:00
space_mean(CTL) =  -3.8486452
space_mean(ME00) =  -3.8823633
Change_Time_Step

time: 2025-01-11_12:00:00
Caluculate_7days_Moving_Mean
from 2025-01-08 00:00:00
to 2025-01-15 00:00:00
space_mean(CTL) =  -3.808412
space_mean(ME00) =  -3.8344452
Change_Time_Step

time: 2025-01-11_18:00:00
Caluculate_7days_Moving_Mean
from 2025-01-08 06:00:00
to 2025-01-15 06:00:00
space_mean(CTL) =  -3.7456043
space_mean(ME00) =  -3.770042
Change_Time_Step

time: 2025-01-12_00:00:00
Caluculate_7days_Moving_Mean
from 2025-01-08 12:00:00
to 2025-01-15 12:00:00
space_mean(CTL) =  -3.6760883
space_mean(ME00) =  -3.7090185
Change_Time_Step

time: 2025-01-12_06:00:00
Caluculate_7days_Moving_Mean
from 2025-01-08 18:00:00
to 2025-01-15 18:00:00
space_mean(CTL) =  -3.628868
space_mean(ME00) =  -3.6559815
Change_Time_Step

time: 2025-01-12_12:00:00
Caluculate_7days_Moving_Mean
from 2025-01-09 00:00:00
to 2025-01-16 00:00:00
space_mean(CTL) =  -3.5881138
space_mean(ME00) =  -3.616649
Change_Time_Step

time: 2025-01-12_18:00:00
Caluculate_7days_Moving_Mean
from 2025-01-09 06:00:00
to 2025-01-16 06:00:00
space_mean(CTL) =  -3.5214093
space_mean(ME00) =  -3.555163
Change_Time_Step

time: 2025-01-13_00:00:00
Caluculate_7days_Moving_Mean
from 2025-01-09 12:00:00
to 2025-01-16 12:00:00
space_mean(CTL) =  -3.4319332
space_mean(ME00) =  -3.463281
Change_Time_Step

time: 2025-01-13_06:00:00
Caluculate_7days_Moving_Mean
from 2025-01-09 18:00:00
to 2025-01-16 18:00:00
space_mean(CTL) =  -3.3101037
space_mean(ME00) =  -3.3440607
Change_Time_Step

time: 2025-01-13_12:00:00
Caluculate_7days_Moving_Mean
from 2025-01-10 00:00:00
to 2025-01-17 00:00:00
space_mean(CTL) =  -3.1759334
space_mean(ME00) =  -3.2167077
Change_Time_Step

time: 2025-01-13_18:00:00
Caluculate_7days_Moving_Mean
from 2025-01-10 06:00:00
to 2025-01-17 06:00:00
space_mean(CTL) =  -3.039772
space_mean(ME00) =  -3.0831754
Change_Time_Step

time: 2025-01-14_00:00:00
Caluculate_7days_Moving_Mean
from 2025-01-10 12:00:00
to 2025-01-17 12:00:00
space_mean(CTL) =  -2.903267
space_mean(ME00) =  -2.955569
Change_Time_Step

time: 2025-01-14_06:00:00
Caluculate_7days_Moving_Mean
from 2025-01-10 18:00:00
to 2025-01-17 18:00:00
space_mean(CTL) =  -2.7974253
space_mean(ME00) =  -2.852667
Change_Time_Step

time: 2025-01-14_12:00:00
Caluculate_7days_Moving_Mean
from 2025-01-11 00:00:00
to 2025-01-18 00:00:00
space_mean(CTL) =  -2.6887176
space_mean(ME00) =  -2.7417276
Change_Time_Step

time: 2025-01-14_18:00:00
Caluculate_7days_Moving_Mean
from 2025-01-11 06:00:00
to 2025-01-18 06:00:00
space_mean(CTL) =  -2.5922859
space_mean(ME00) =  -2.6455195
Change_Time_Step

time: 2025-01-15_00:00:00
Caluculate_7days_Moving_Mean
from 2025-01-11 12:00:00
to 2025-01-18 12:00:00
space_mean(CTL) =  -2.5152287
space_mean(ME00) =  -2.5703852
Change_Time_Step

time: 2025-01-15_06:00:00
Caluculate_7days_Moving_Mean
from 2025-01-11 18:00:00
to 2025-01-18 18:00:00
space_mean(CTL) =  -2.457167
space_mean(ME00) =  -2.5109634
Change_Time_Step

time: 2025-01-15_12:00:00
Caluculate_7days_Moving_Mean
from 2025-01-12 00:00:00
to 2025-01-19 00:00:00
space_mean(CTL) =  -2.409243
space_mean(ME00) =  -2.461752
Change_Time_Step

time: 2025-01-15_18:00:00
Caluculate_7days_Moving_Mean
from 2025-01-12 06:00:00
to 2025-01-19 06:00:00
space_mean(CTL) =  -2.3788004
space_mean(ME00) =  -2.433409
Change_Time_Step

time: 2025-01-16_00:00:00
Caluculate_7days_Moving_Mean
from 2025-01-12 12:00:00
to 2025-01-19 12:00:00
space_mean(CTL) =  -2.35874
space_mean(ME00) =  -2.4169655
Change_Time_Step

time: 2025-01-16_06:00:00
Caluculate_7days_Moving_Mean
from 2025-01-12 18:00:00
to 2025-01-19 18:00:00
space_mean(CTL) =  -2.3460255
space_mean(ME00) =  -2.404074
Change_Time_Step

time: 2025-01-16_12:00:00
Caluculate_7days_Moving_Mean
from 2025-01-13 00:00:00
to 2025-01-20 00:00:00
space_mean(CTL) =  -2.3271668
space_mean(ME00) =  -2.3832793
Change_Time_Step

time: 2025-01-16_18:00:00
Caluculate_7days_Moving_Mean
from 2025-01-13 06:00:00
to 2025-01-20 06:00:00
space_mean(CTL) =  -2.2981193
space_mean(ME00) =  -2.3564768
Change_Time_Step

time: 2025-01-17_00:00:00
Caluculate_7days_Moving_Mean
from 2025-01-13 12:00:00
to 2025-01-20 12:00:00
space_mean(CTL) =  -2.2235446
space_mean(ME00) =  -2.281491
Change_Time_Step

time: 2025-01-17_06:00:00
Caluculate_7days_Moving_Mean
from 2025-01-13 18:00:00
to 2025-01-20 18:00:00
space_mean(CTL) =  -2.1265929
space_mean(ME00) =  -2.1844635
Change_Time_Step

time: 2025-01-17_12:00:00
Caluculate_7days_Moving_Mean
from 2025-01-14 00:00:00
to 2025-01-21 00:00:00
space_mean(CTL) =  -2.0521333
space_mean(ME00) =  -2.1120913
Change_Time_Step

time: 2025-01-17_18:00:00
Caluculate_7days_Moving_Mean
from 2025-01-14 06:00:00
to 2025-01-21 06:00:00
space_mean(CTL) =  -2.0110145
space_mean(ME00) =  -2.0732791
Change_Time_Step

time: 2025-01-18_00:00:00
Caluculate_7days_Moving_Mean
from 2025-01-14 12:00:00
to 2025-01-21 12:00:00
space_mean(CTL) =  -1.9920516
space_mean(ME00) =  -2.0497162
Change_Time_Step

time: 2025-01-18_06:00:00
Caluculate_7days_Moving_Mean
from 2025-01-14 18:00:00
to 2025-01-21 18:00:00
space_mean(CTL) =  -1.9575533
space_mean(ME00) =  -2.014141
Change_Time_Step

time: 2025-01-18_12:00:00
Caluculate_7days_Moving_Mean
from 2025-01-15 00:00:00
to 2025-01-22 00:00:00
space_mean(CTL) =  -1.9197191
space_mean(ME00) =  -1.9759973
Change_Time_Step

time: 2025-01-18_18:00:00
Caluculate_7days_Moving_Mean
from 2025-01-15 06:00:00
to 2025-01-22 06:00:00
space_mean(CTL) =  -1.8910155
space_mean(ME00) =  -1.9401736
Change_Time_Step

time: 2025-01-19_00:00:00
Caluculate_7days_Moving_Mean
from 2025-01-15 12:00:00
to 2025-01-22 12:00:00
space_mean(CTL) =  -1.860581
space_mean(ME00) =  -1.9062365
Change_Time_Step

time: 2025-01-19_06:00:00
Caluculate_7days_Moving_Mean
from 2025-01-15 18:00:00
to 2025-01-22 18:00:00
space_mean(CTL) =  -1.8010615
space_mean(ME00) =  -1.848411
Change_Time_Step

time: 2025-01-19_12:00:00
Caluculate_7days_Moving_Mean
from 2025-01-16 00:00:00
to 2025-01-23 00:00:00
space_mean(CTL) =  -1.7188082
space_mean(ME00) =  -1.7647997
Change_Time_Step

time: 2025-01-19_18:00:00
Caluculate_7days_Moving_Mean
from 2025-01-16 06:00:00
to 2025-01-23 06:00:00
space_mean(CTL) =  -1.6249086
space_mean(ME00) =  -1.6734468
Change_Time_Step

time: 2025-01-20_00:00:00
Caluculate_7days_Moving_Mean
from 2025-01-16 12:00:00
to 2025-01-23 12:00:00
space_mean(CTL) =  -1.5317268
space_mean(ME00) =  -1.5800815
Change_Time_Step

time: 2025-01-20_06:00:00
Caluculate_7days_Moving_Mean
from 2025-01-16 18:00:00
to 2025-01-23 18:00:00
space_mean(CTL) =  -1.4491802
space_mean(ME00) =  -1.4960178
Change_Time_Step

time: 2025-01-20_12:00:00
Caluculate_7days_Moving_Mean
from 2025-01-17 00:00:00
to 2025-01-24 00:00:00
space_mean(CTL) =  -1.3716358
space_mean(ME00) =  -1.4155359
Change_Time_Step

time: 2025-01-20_18:00:00
Caluculate_7days_Moving_Mean
from 2025-01-17 06:00:00
to 2025-01-24 06:00:00
space_mean(CTL) =  -1.312851
space_mean(ME00) =  -1.3606871
Change_Time_Step

time: 2025-01-21_00:00:00
Caluculate_7days_Moving_Mean
from 2025-01-17 12:00:00
to 2025-01-24 12:00:00
space_mean(CTL) =  -1.2488712
space_mean(ME00) =  -1.2911805
Change_Time_Step

time: 2025-01-21_06:00:00
Caluculate_7days_Moving_Mean
from 2025-01-17 18:00:00
to 2025-01-24 18:00:00
space_mean(CTL) =  -1.1785392
space_mean(ME00) =  -1.2129012
Change_Time_Step

time: 2025-01-21_12:00:00
Caluculate_7days_Moving_Mean
from 2025-01-18 00:00:00
to 2025-01-25 00:00:00
space_mean(CTL) =  -1.1343248
space_mean(ME00) =  -1.1750771
Change_Time_Step

time: 2025-01-21_18:00:00
Caluculate_7days_Moving_Mean
from 2025-01-18 06:00:00
to 2025-01-25 06:00:00
space_mean(CTL) =  -1.1092532
space_mean(ME00) =  -1.1535091
Change_Time_Step

time: 2025-01-22_00:00:00
Caluculate_7days_Moving_Mean
from 2025-01-18 12:00:00
to 2025-01-25 12:00:00
space_mean(CTL) =  -1.0813917
space_mean(ME00) =  -1.1272511
Change_Time_Step

time: 2025-01-22_06:00:00
Caluculate_7days_Moving_Mean
from 2025-01-18 18:00:00
to 2025-01-25 18:00:00
space_mean(CTL) =  -1.0632966
space_mean(ME00) =  -1.1043577
Change_Time_Step

time: 2025-01-22_12:00:00
Caluculate_7days_Moving_Mean
from 2025-01-19 00:00:00
to 2025-01-26 00:00:00
space_mean(CTL) =  -1.0950497
space_mean(ME00) =  -1.1354371
Change_Time_Step

time: 2025-01-22_18:00:00
Caluculate_7days_Moving_Mean
from 2025-01-19 06:00:00
to 2025-01-26 06:00:00
space_mean(CTL) =  -1.142324
space_mean(ME00) =  -1.1839569
Change_Time_Step

time: 2025-01-23_00:00:00
Caluculate_7days_Moving_Mean
from 2025-01-19 12:00:00
to 2025-01-26 12:00:00
space_mean(CTL) =  -1.2043405
space_mean(ME00) =  -1.2472926
Change_Time_Step

time: 2025-01-23_06:00:00
Caluculate_7days_Moving_Mean
from 2025-01-19 18:00:00
to 2025-01-26 18:00:00
space_mean(CTL) =  -1.3147
space_mean(ME00) =  -1.3573421
Change_Time_Step

time: 2025-01-23_12:00:00
Caluculate_7days_Moving_Mean
from 2025-01-20 00:00:00
to 2025-01-27 00:00:00
space_mean(CTL) =  -1.448533
space_mean(ME00) =  -1.4896855
Change_Time_Step

time: 2025-01-23_18:00:00
Caluculate_7days_Moving_Mean
from 2025-01-20 06:00:00
to 2025-01-27 06:00:00
space_mean(CTL) =  -1.5704477
space_mean(ME00) =  -1.6078845
Change_Time_Step

time: 2025-01-24_00:00:00
Caluculate_7days_Moving_Mean
from 2025-01-20 12:00:00
to 2025-01-27 12:00:00
space_mean(CTL) =  -1.681683
space_mean(ME00) =  -1.716244
Change_Time_Step

time: 2025-01-24_06:00:00
Caluculate_7days_Moving_Mean
from 2025-01-20 18:00:00
to 2025-01-27 18:00:00
space_mean(CTL) =  -1.7843556
space_mean(ME00) =  -1.8200817
Change_Time_Step

time: 2025-01-24_12:00:00
Caluculate_7days_Moving_Mean
from 2025-01-21 00:00:00
to 2025-01-28 00:00:00
space_mean(CTL) =  -1.8463436
space_mean(ME00) =  -1.8752898
Change_Time_Step

time: 2025-01-24_18:00:00
Caluculate_7days_Moving_Mean
from 2025-01-21 06:00:00
to 2025-01-28 06:00:00
space_mean(CTL) =  -1.8563248
space_mean(ME00) =  -1.8770726
Change_Time_Step

time: 2025-01-25_00:00:00
Caluculate_7days_Moving_Mean
from 2025-01-21 12:00:00
to 2025-01-28 12:00:00
space_mean(CTL) =  -1.8407516
space_mean(ME00) =  -1.868661
Change_Time_Step

time: 2025-01-25_06:00:00
Caluculate_7days_Moving_Mean
from 2025-01-21 18:00:00
to 2025-01-28 18:00:00
space_mean(CTL) =  -1.8623283
space_mean(ME00) =  -1.8936855
Change_Time_Step

time: 2025-01-25_12:00:00
Caluculate_7days_Moving_Mean
from 2025-01-22 00:00:00
to 2025-01-29 00:00:00
space_mean(CTL) =  -1.9145926
space_mean(ME00) =  -1.9559693
Change_Time_Step

time: 2025-01-25_18:00:00
Caluculate_7days_Moving_Mean
from 2025-01-22 06:00:00
to 2025-01-29 06:00:00
space_mean(CTL) =  -1.9533033
space_mean(ME00) =  -2.0010085
Change_Time_Step

time: 2025-01-26_00:00:00
Caluculate_7days_Moving_Mean
from 2025-01-22 12:00:00
to 2025-01-29 12:00:00
space_mean(CTL) =  -2.004567
space_mean(ME00) =  -2.056095
Change_Time_Step

time: 2025-01-26_06:00:00
Caluculate_7days_Moving_Mean
from 2025-01-22 18:00:00
to 2025-01-29 18:00:00
space_mean(CTL) =  -2.079665
space_mean(ME00) =  -2.127604
Change_Time_Step

time: 2025-01-26_12:00:00
Caluculate_7days_Moving_Mean
from 2025-01-23 00:00:00
to 2025-01-30 00:00:00
space_mean(CTL) =  -2.1706996
space_mean(ME00) =  -2.2142615
Change_Time_Step

time: 2025-01-26_18:00:00
Caluculate_7days_Moving_Mean
from 2025-01-23 06:00:00
to 2025-01-30 06:00:00
space_mean(CTL) =  -2.288584
space_mean(ME00) =  -2.3262813
Change_Time_Step

time: 2025-01-27_00:00:00
Caluculate_7days_Moving_Mean
from 2025-01-23 12:00:00
to 2025-01-30 12:00:00
space_mean(CTL) =  -2.4318564
space_mean(ME00) =  -2.4659796
Change_Time_Step

time: 2025-01-27_06:00:00
Caluculate_7days_Moving_Mean
from 2025-01-23 18:00:00
to 2025-01-30 18:00:00
space_mean(CTL) =  -2.5873601
space_mean(ME00) =  -2.621084
Change_Time_Step

time: 2025-01-27_12:00:00
Caluculate_7days_Moving_Mean
from 2025-01-24 00:00:00
to 2025-01-31 00:00:00
space_mean(CTL) =  -2.7539768
space_mean(ME00) =  -2.784737
Change_Time_Step

time: 2025-01-27_18:00:00
Caluculate_7days_Moving_Mean
from 2025-01-24 06:00:00
to 2025-01-31 06:00:00
space_mean(CTL) =  -2.9042435
space_mean(ME00) =  -2.931116
Change_Time_Step

time: 2025-01-28_00:00:00
Caluculate_7days_Moving_Mean
from 2025-01-24 12:00:00
to 2025-01-31 12:00:00
space_mean(CTL) =  -3.054479
space_mean(ME00) =  -3.0835989
Change_Time_Step

time: 2025-01-28_06:00:00
Caluculate_7days_Moving_Mean
from 2025-01-24 18:00:00
to 2025-01-31 18:00:00
space_mean(CTL) =  -3.1766686
space_mean(ME00) =  -3.207758
Change_Time_Step

time: 2025-01-28_12:00:00
Caluculate_7days_Moving_Mean
from 2025-01-25 00:00:00
to 2025-02-01 00:00:00
space_mean(CTL) =  -3.2679076
space_mean(ME00) =  -3.2957714
Change_Time_Step

time: 2025-01-28_18:00:00
Caluculate_7days_Moving_Mean
from 2025-01-25 06:00:00
to 2025-02-01 06:00:00
space_mean(CTL) =  -3.3516822
space_mean(ME00) =  -3.3751266
Change_Time_Step

time: 2025-01-29_00:00:00
Caluculate_7days_Moving_Mean
from 2025-01-25 12:00:00
to 2025-02-01 12:00:00
space_mean(CTL) =  -3.4293683
space_mean(ME00) =  -3.4505925
Change_Time_Step

time: 2025-01-29_06:00:00
Caluculate_7days_Moving_Mean
from 2025-01-25 18:00:00
to 2025-02-01 18:00:00
space_mean(CTL) =  -3.487025
space_mean(ME00) =  -3.513912
Change_Time_Step

time: 2025-01-29_12:00:00
Caluculate_7days_Moving_Mean
from 2025-01-26 00:00:00
to 2025-02-02 00:00:00
space_mean(CTL) =  -3.5165575
space_mean(ME00) =  -3.5460846
Change_Time_Step

time: 2025-01-29_18:00:00
Caluculate_7days_Moving_Mean
from 2025-01-26 06:00:00
to 2025-02-02 06:00:00
space_mean(CTL) =  -3.550622
space_mean(ME00) =  -3.576581
Change_Time_Step

time: 2025-01-30_00:00:00
Caluculate_7days_Moving_Mean
from 2025-01-26 12:00:00
to 2025-02-02 12:00:00
space_mean(CTL) =  -3.5862217
space_mean(ME00) =  -3.6085317
Change_Time_Step

time: 2025-01-30_06:00:00
Caluculate_7days_Moving_Mean
from 2025-01-26 18:00:00
to 2025-02-02 18:00:00
space_mean(CTL) =  -3.6022904
space_mean(ME00) =  -3.6261837
Change_Time_Step

time: 2025-01-30_12:00:00
Caluculate_7days_Moving_Mean
from 2025-01-27 00:00:00
to 2025-02-03 00:00:00
space_mean(CTL) =  -3.6294625
space_mean(ME00) =  -3.6568491
Change_Time_Step

time: 2025-01-30_18:00:00
Caluculate_7days_Moving_Mean
from 2025-01-27 06:00:00
to 2025-02-03 06:00:00
space_mean(CTL) =  -3.6808226
space_mean(ME00) =  -3.7111795
Change_Time_Step

time: 2025-01-31_00:00:00
Caluculate_7days_Moving_Mean
from 2025-01-27 12:00:00
to 2025-02-03 12:00:00
space_mean(CTL) =  -3.7387848
space_mean(ME00) =  -3.7760444
Change_Time_Step

time: 2025-01-31_06:00:00
Caluculate_7days_Moving_Mean
from 2025-01-27 18:00:00
to 2025-02-03 18:00:00
space_mean(CTL) =  -3.779987
space_mean(ME00) =  -3.8211226
Change_Time_Step

time: 2025-01-31_12:00:00
Caluculate_7days_Moving_Mean
from 2025-01-28 00:00:00
to 2025-02-04 00:00:00
space_mean(CTL) =  -3.8024297
space_mean(ME00) =  -3.8501694
Change_Time_Step

time: 2025-01-31_18:00:00
Caluculate_7days_Moving_Mean
from 2025-01-28 06:00:00
to 2025-02-04 06:00:00
space_mean(CTL) =  -3.8129447
space_mean(ME00) =  -3.8694727
Change_Time_Step

time: 2025-02-01_00:00:00
Caluculate_7days_Moving_Mean
from 2025-01-28 12:00:00
to 2025-02-04 12:00:00
space_mean(CTL) =  -3.8070438
space_mean(ME00) =  -3.86046
Change_Time_Step

time: 2025-02-01_06:00:00
Caluculate_7days_Moving_Mean
from 2025-01-28 18:00:00
to 2025-02-04 18:00:00
space_mean(CTL) =  -3.796702
space_mean(ME00) =  -3.8397415
Change_Time_Step

time: 2025-02-01_12:00:00
Caluculate_7days_Moving_Mean
from 2025-01-29 00:00:00
to 2025-02-05 00:00:00
space_mean(CTL) =  -3.762301
space_mean(ME00) =  -3.8064728
Change_Time_Step

time: 2025-02-01_18:00:00
Caluculate_7days_Moving_Mean
from 2025-01-29 06:00:00
to 2025-02-05 06:00:00
space_mean(CTL) =  -3.7280748
space_mean(ME00) =  -3.7787292
Change_Time_Step

time: 2025-02-02_00:00:00
Caluculate_7days_Moving_Mean
from 2025-01-29 12:00:00
to 2025-02-05 12:00:00
space_mean(CTL) =  -3.6820428
space_mean(ME00) =  -3.7377136
Change_Time_Step

time: 2025-02-02_06:00:00
Caluculate_7days_Moving_Mean
from 2025-01-29 18:00:00
to 2025-02-05 18:00:00
space_mean(CTL) =  -3.6360793
space_mean(ME00) =  -3.7047539
Change_Time_Step

time: 2025-02-02_12:00:00
Caluculate_7days_Moving_Mean
from 2025-01-30 00:00:00
to 2025-02-06 00:00:00
space_mean(CTL) =  -3.5935333
space_mean(ME00) =  -3.6747732
Change_Time_Step

time: 2025-02-02_18:00:00
Caluculate_7days_Moving_Mean
from 2025-01-30 06:00:00
to 2025-02-06 06:00:00
space_mean(CTL) =  -3.5468636
space_mean(ME00) =  -3.6321783
Change_Time_Step

time: 2025-02-03_00:00:00
Caluculate_7days_Moving_Mean
from 2025-01-30 12:00:00
to 2025-02-06 12:00:00
space_mean(CTL) =  -3.5084805
space_mean(ME00) =  -3.5958571
Change_Time_Step

time: 2025-02-03_06:00:00
Caluculate_7days_Moving_Mean
from 2025-01-30 18:00:00
to 2025-02-06 18:00:00
space_mean(CTL) =  -3.4803493
space_mean(ME00) =  -3.571977
Change_Time_Step

time: 2025-02-03_12:00:00
Caluculate_7days_Moving_Mean
from 2025-01-31 00:00:00
to 2025-02-07 00:00:00
space_mean(CTL) =  -3.478511
space_mean(ME00) =  -3.5758872
Change_Time_Step

time: 2025-02-03_18:00:00
Caluculate_7days_Moving_Mean
from 2025-01-31 06:00:00
to 2025-02-07 06:00:00
space_mean(CTL) =  -3.5082603
space_mean(ME00) =  -3.6060607
Change_Time_Step

time: 2025-02-04_00:00:00
Caluculate_7days_Moving_Mean
from 2025-01-31 12:00:00
to 2025-02-07 12:00:00
space_mean(CTL) =  -3.56196
space_mean(ME00) =  -3.660397
Change_Time_Step

time: 2025-02-04_06:00:00
Caluculate_7days_Moving_Mean
from 2025-01-31 18:00:00
to 2025-02-07 18:00:00
space_mean(CTL) =  -3.66278
space_mean(ME00) =  -3.767985
Change_Time_Step

time: 2025-02-04_12:00:00
Caluculate_7days_Moving_Mean
from 2025-02-01 00:00:00
to 2025-02-08 00:00:00
space_mean(CTL) =  -3.8103662
space_mean(ME00) =  -3.9165714
Change_Time_Step

time: 2025-02-04_18:00:00
Caluculate_7days_Moving_Mean
from 2025-02-01 06:00:00
to 2025-02-08 06:00:00
space_mean(CTL) =  -3.992291
space_mean(ME00) =  -4.1024957
Change_Time_Step

time: 2025-02-05_00:00:00
Caluculate_7days_Moving_Mean
from 2025-02-01 12:00:00
to 2025-02-08 12:00:00
space_mean(CTL) =  -4.2044473
space_mean(ME00) =  -4.3149548
Change_Time_Step

time: 2025-02-05_06:00:00
Caluculate_7days_Moving_Mean
from 2025-02-01 18:00:00
to 2025-02-08 18:00:00
space_mean(CTL) =  -4.424559
space_mean(ME00) =  -4.5357366
Change_Time_Step

time: 2025-02-05_12:00:00
Caluculate_7days_Moving_Mean
from 2025-02-02 00:00:00
to 2025-02-09 00:00:00
space_mean(CTL) =  -4.6281366
space_mean(ME00) =  -4.742849
Change_Time_Step

time: 2025-02-05_18:00:00
Caluculate_7days_Moving_Mean
from 2025-02-02 06:00:00
to 2025-02-09 06:00:00
space_mean(CTL) =  -4.8072534
space_mean(ME00) =  -4.926506
Change_Time_Step

time: 2025-02-06_00:00:00
Caluculate_7days_Moving_Mean
from 2025-02-02 12:00:00
to 2025-02-09 12:00:00
space_mean(CTL) =  -4.97281
space_mean(ME00) =  -5.091767
Change_Time_Step

time: 2025-02-06_06:00:00
Caluculate_7days_Moving_Mean
from 2025-02-02 18:00:00
to 2025-02-09 18:00:00
space_mean(CTL) =  -5.1024027
space_mean(ME00) =  -5.2212114
Change_Time_Step

time: 2025-02-06_12:00:00
Caluculate_7days_Moving_Mean
from 2025-02-03 00:00:00
to 2025-02-10 00:00:00
space_mean(CTL) =  -5.184479
space_mean(ME00) =  -5.301623
Change_Time_Step

time: 2025-02-06_18:00:00
Caluculate_7days_Moving_Mean
from 2025-02-03 06:00:00
to 2025-02-10 06:00:00
space_mean(CTL) =  -5.2176356
space_mean(ME00) =  -5.3366194
Change_Time_Step

time: 2025-02-07_00:00:00
Caluculate_7days_Moving_Mean
from 2025-02-03 12:00:00
to 2025-02-10 12:00:00
space_mean(CTL) =  -5.2438574
space_mean(ME00) =  -5.359747
Change_Time_Step

time: 2025-02-07_06:00:00
Caluculate_7days_Moving_Mean
from 2025-02-03 18:00:00
to 2025-02-10 18:00:00
space_mean(CTL) =  -5.2422795
space_mean(ME00) =  -5.3562946
Change_Time_Step

time: 2025-02-07_12:00:00
Caluculate_7days_Moving_Mean
from 2025-02-04 00:00:00
to 2025-02-11 00:00:00
space_mean(CTL) =  -5.2287655
space_mean(ME00) =  -5.3407454
Change_Time_Step

time: 2025-02-07_18:00:00
Caluculate_7days_Moving_Mean
from 2025-02-04 06:00:00
to 2025-02-11 06:00:00
space_mean(CTL) =  -5.238272
space_mean(ME00) =  -5.3459215
Change_Time_Step

time: 2025-02-08_00:00:00
Caluculate_7days_Moving_Mean
from 2025-02-04 12:00:00
to 2025-02-11 12:00:00
space_mean(CTL) =  -5.2928576
space_mean(ME00) =  -5.396949
Change_Time_Step

time: 2025-02-08_06:00:00
Caluculate_7days_Moving_Mean
from 2025-02-04 18:00:00
to 2025-02-11 18:00:00
space_mean(CTL) =  -5.3355894
space_mean(ME00) =  -5.446684
Change_Time_Step

time: 2025-02-08_12:00:00
Caluculate_7days_Moving_Mean
from 2025-02-05 00:00:00
to 2025-02-12 00:00:00
space_mean(CTL) =  -5.3707743
space_mean(ME00) =  -5.4798965
Change_Time_Step

time: 2025-02-08_18:00:00
Caluculate_7days_Moving_Mean
from 2025-02-05 06:00:00
to 2025-02-12 06:00:00
space_mean(CTL) =  -5.3853555
space_mean(ME00) =  -5.4871635
Change_Time_Step

time: 2025-02-09_00:00:00
Caluculate_7days_Moving_Mean
from 2025-02-05 12:00:00
to 2025-02-12 12:00:00
space_mean(CTL) =  -5.372351
space_mean(ME00) =  -5.465672
Change_Time_Step

time: 2025-02-09_06:00:00
Caluculate_7days_Moving_Mean
from 2025-02-05 18:00:00
to 2025-02-12 18:00:00
space_mean(CTL) =  -5.335943
space_mean(ME00) =  -5.4203568
Change_Time_Step

time: 2025-02-09_12:00:00
Caluculate_7days_Moving_Mean
from 2025-02-06 00:00:00
to 2025-02-13 00:00:00
space_mean(CTL) =  -5.288709
space_mean(ME00) =  -5.368356
Change_Time_Step

time: 2025-02-09_18:00:00
Caluculate_7days_Moving_Mean
from 2025-02-06 06:00:00
to 2025-02-13 06:00:00
space_mean(CTL) =  -5.266502
space_mean(ME00) =  -5.34916
Change_Time_Step

time: 2025-02-10_00:00:00
Caluculate_7days_Moving_Mean
from 2025-02-06 12:00:00
to 2025-02-13 12:00:00
space_mean(CTL) =  -5.3016753
space_mean(ME00) =  -5.387491
Change_Time_Step

time: 2025-02-10_06:00:00
Caluculate_7days_Moving_Mean
from 2025-02-06 18:00:00
to 2025-02-13 18:00:00
space_mean(CTL) =  -5.3569098
space_mean(ME00) =  -5.4315586
Change_Time_Step

time: 2025-02-10_12:00:00
Caluculate_7days_Moving_Mean
from 2025-02-07 00:00:00
to 2025-02-14 00:00:00
space_mean(CTL) =  -5.3879023
space_mean(ME00) =  -5.4573846
Change_Time_Step

time: 2025-02-10_18:00:00
Caluculate_7days_Moving_Mean
from 2025-02-07 06:00:00
to 2025-02-14 06:00:00
space_mean(CTL) =  -5.3818684
space_mean(ME00) =  -5.455492
Change_Time_Step

time: 2025-02-11_00:00:00
Caluculate_7days_Moving_Mean
from 2025-02-07 12:00:00
to 2025-02-14 12:00:00
space_mean(CTL) =  -5.329312
space_mean(ME00) =  -5.4048433
Change_Time_Step

time: 2025-02-11_06:00:00
Caluculate_7days_Moving_Mean
from 2025-02-07 18:00:00
to 2025-02-14 18:00:00
space_mean(CTL) =  -5.225707
space_mean(ME00) =  -5.2957077
Change_Time_Step

time: 2025-02-11_12:00:00
Caluculate_7days_Moving_Mean
from 2025-02-08 00:00:00
to 2025-02-15 00:00:00
space_mean(CTL) =  -5.0874925
space_mean(ME00) =  -5.154765
Change_Time_Step

time: 2025-02-11_18:00:00
Caluculate_7days_Moving_Mean
from 2025-02-08 06:00:00
to 2025-02-15 06:00:00
space_mean(CTL) =  -4.91916
space_mean(ME00) =  -4.9808345
Change_Time_Step

time: 2025-02-12_00:00:00
Caluculate_7days_Moving_Mean
from 2025-02-08 12:00:00
to 2025-02-15 12:00:00
space_mean(CTL) =  -4.725424
space_mean(ME00) =  -4.788868
Change_Time_Step

time: 2025-02-12_06:00:00
Caluculate_7days_Moving_Mean
from 2025-02-08 18:00:00
to 2025-02-15 18:00:00
space_mean(CTL) =  -4.5408187
space_mean(ME00) =  -4.607171
Change_Time_Step

time: 2025-02-12_12:00:00
Caluculate_7days_Moving_Mean
from 2025-02-09 00:00:00
to 2025-02-16 00:00:00
space_mean(CTL) =  -4.37123
space_mean(ME00) =  -4.4338894
Change_Time_Step

time: 2025-02-12_18:00:00
Caluculate_7days_Moving_Mean
from 2025-02-09 06:00:00
to 2025-02-16 06:00:00
space_mean(CTL) =  -4.214345
space_mean(ME00) =  -4.2736826
Change_Time_Step

time: 2025-02-13_00:00:00
Caluculate_7days_Moving_Mean
from 2025-02-09 12:00:00
to 2025-02-16 12:00:00
space_mean(CTL) =  -4.082215
space_mean(ME00) =  -4.1420727
Change_Time_Step

time: 2025-02-13_06:00:00
Caluculate_7days_Moving_Mean
from 2025-02-09 18:00:00
to 2025-02-16 18:00:00
space_mean(CTL) =  -4.0148635
space_mean(ME00) =  -4.0735493
Change_Time_Step

time: 2025-02-13_12:00:00
Caluculate_7days_Moving_Mean
from 2025-02-10 00:00:00
to 2025-02-17 00:00:00
space_mean(CTL) =  -3.995328
space_mean(ME00) =  -4.0595136
Change_Time_Step

time: 2025-02-13_18:00:00
Caluculate_7days_Moving_Mean
from 2025-02-10 06:00:00
to 2025-02-17 06:00:00
space_mean(CTL) =  -4.0248475
space_mean(ME00) =  -4.0873604
Change_Time_Step

time: 2025-02-14_00:00:00
Caluculate_7days_Moving_Mean
from 2025-02-10 12:00:00
to 2025-02-17 12:00:00
space_mean(CTL) =  -4.074457
space_mean(ME00) =  -4.1395965
Change_Time_Step

time: 2025-02-14_06:00:00
Caluculate_7days_Moving_Mean
from 2025-02-10 18:00:00
to 2025-02-17 18:00:00
space_mean(CTL) =  -4.160371
space_mean(ME00) =  -4.2244215
Change_Time_Step

time: 2025-02-14_12:00:00
Caluculate_7days_Moving_Mean
from 2025-02-11 00:00:00
to 2025-02-18 00:00:00
space_mean(CTL) =  -4.279967
space_mean(ME00) =  -4.344975
Change_Time_Step

time: 2025-02-14_18:00:00
Caluculate_7days_Moving_Mean
from 2025-02-11 06:00:00
to 2025-02-18 06:00:00
space_mean(CTL) =  -4.399695
space_mean(ME00) =  -4.4622188
Change_Time_Step

time: 2025-02-15_00:00:00
Caluculate_7days_Moving_Mean
from 2025-02-11 12:00:00
to 2025-02-18 12:00:00
space_mean(CTL) =  -4.5129485
space_mean(ME00) =  -4.5755844
Change_Time_Step

time: 2025-02-15_06:00:00
Caluculate_7days_Moving_Mean
from 2025-02-11 18:00:00
to 2025-02-18 18:00:00
space_mean(CTL) =  -4.6445384
space_mean(ME00) =  -4.6985617
Change_Time_Step

time: 2025-02-15_12:00:00
Caluculate_7days_Moving_Mean
from 2025-02-12 00:00:00
to 2025-02-19 00:00:00
space_mean(CTL) =  -4.7851043
space_mean(ME00) =  -4.8324137
Change_Time_Step

time: 2025-02-15_18:00:00
Caluculate_7days_Moving_Mean
from 2025-02-12 06:00:00
to 2025-02-19 06:00:00
space_mean(CTL) =  -4.944978
space_mean(ME00) =  -4.990939
Change_Time_Step

time: 2025-02-16_00:00:00
Caluculate_7days_Moving_Mean
from 2025-02-12 12:00:00
to 2025-02-19 12:00:00
space_mean(CTL) =  -5.120088
space_mean(ME00) =  -5.1683774
Change_Time_Step

time: 2025-02-16_06:00:00
Caluculate_7days_Moving_Mean
from 2025-02-12 18:00:00
to 2025-02-19 18:00:00
space_mean(CTL) =  -5.2949643
space_mean(ME00) =  -5.3434014
Change_Time_Step

time: 2025-02-16_12:00:00
Caluculate_7days_Moving_Mean
from 2025-02-13 00:00:00
to 2025-02-20 00:00:00
space_mean(CTL) =  -5.4670477
space_mean(ME00) =  -5.5124216
Change_Time_Step

time: 2025-02-16_18:00:00
Caluculate_7days_Moving_Mean
from 2025-02-13 06:00:00
to 2025-02-20 06:00:00
space_mean(CTL) =  -5.6072516
space_mean(ME00) =  -5.648922
Change_Time_Step

time: 2025-02-17_00:00:00
Caluculate_7days_Moving_Mean
from 2025-02-13 12:00:00
to 2025-02-20 12:00:00
space_mean(CTL) =  -5.6516967
space_mean(ME00) =  -5.691348
Change_Time_Step

time: 2025-02-17_06:00:00
Caluculate_7days_Moving_Mean
from 2025-02-13 18:00:00
to 2025-02-20 18:00:00
space_mean(CTL) =  -5.6495647
space_mean(ME00) =  -5.6979246
Change_Time_Step

time: 2025-02-17_12:00:00
Caluculate_7days_Moving_Mean
from 2025-02-14 00:00:00
to 2025-02-21 00:00:00
space_mean(CTL) =  -5.6470075
space_mean(ME00) =  -5.69767
Change_Time_Step

time: 2025-02-17_18:00:00
Caluculate_7days_Moving_Mean
from 2025-02-14 06:00:00
to 2025-02-21 06:00:00
space_mean(CTL) =  -5.6541743
space_mean(ME00) =  -5.7041397
Change_Time_Step

time: 2025-02-18_00:00:00
Caluculate_7days_Moving_Mean
from 2025-02-14 12:00:00
to 2025-02-21 12:00:00
space_mean(CTL) =  -5.6763287
space_mean(ME00) =  -5.7261205
Change_Time_Step

time: 2025-02-18_06:00:00
Caluculate_7days_Moving_Mean
from 2025-02-14 18:00:00
to 2025-02-21 18:00:00
space_mean(CTL) =  -5.71597
space_mean(ME00) =  -5.7657614
Change_Time_Step

time: 2025-02-18_12:00:00
Caluculate_7days_Moving_Mean
from 2025-02-15 00:00:00
to 2025-02-22 00:00:00
space_mean(CTL) =  -5.7684155
space_mean(ME00) =  -5.81918
Change_Time_Step

time: 2025-02-18_18:00:00
Caluculate_7days_Moving_Mean
from 2025-02-15 06:00:00
to 2025-02-22 06:00:00
space_mean(CTL) =  -5.8300347
space_mean(ME00) =  -5.8807826
Change_Time_Step

time: 2025-02-19_00:00:00
Caluculate_7days_Moving_Mean
from 2025-02-15 12:00:00
to 2025-02-22 12:00:00
space_mean(CTL) =  -5.9126425
space_mean(ME00) =  -5.963998
Change_Time_Step

time: 2025-02-19_06:00:00
Caluculate_7days_Moving_Mean
from 2025-02-15 18:00:00
to 2025-02-22 18:00:00
space_mean(CTL) =  -6.007995
space_mean(ME00) =  -6.0599847
Change_Time_Step

time: 2025-02-19_12:00:00
Caluculate_7days_Moving_Mean
from 2025-02-16 00:00:00
to 2025-02-23 00:00:00
space_mean(CTL) =  -6.108956
space_mean(ME00) =  -6.159497
Change_Time_Step

time: 2025-02-19_18:00:00
Caluculate_7days_Moving_Mean
from 2025-02-16 06:00:00
to 2025-02-23 06:00:00
space_mean(CTL) =  -6.207026
space_mean(ME00) =  -6.2578316
Change_Time_Step

time: 2025-02-20_00:00:00
Caluculate_7days_Moving_Mean
from 2025-02-16 12:00:00
to 2025-02-23 12:00:00
space_mean(CTL) =  -6.2923727
space_mean(ME00) =  -6.3423896
Change_Time_Step

time: 2025-02-20_06:00:00
Caluculate_7days_Moving_Mean
from 2025-02-16 18:00:00
to 2025-02-23 18:00:00
space_mean(CTL) =  -6.331225
space_mean(ME00) =  -6.3779
Change_Time_Step

time: 2025-02-20_12:00:00
Caluculate_7days_Moving_Mean
from 2025-02-17 00:00:00
to 2025-02-24 00:00:00
space_mean(CTL) =  -6.32591
space_mean(ME00) =  -6.368386
Change_Time_Step

time: 2025-02-20_18:00:00
Caluculate_7days_Moving_Mean
from 2025-02-17 06:00:00
to 2025-02-24 06:00:00
space_mean(CTL) =  -6.27783
space_mean(ME00) =  -6.3249607
Change_Time_Step

time: 2025-02-21_00:00:00
Caluculate_7days_Moving_Mean
from 2025-02-17 12:00:00
to 2025-02-24 12:00:00
space_mean(CTL) =  -6.2108455
space_mean(ME00) =  -6.2525983
Change_Time_Step

time: 2025-02-21_06:00:00
Caluculate_7days_Moving_Mean
from 2025-02-17 18:00:00
to 2025-02-24 18:00:00
space_mean(CTL) =  -6.1223946
space_mean(ME00) =  -6.164288
Change_Time_Step

time: 2025-02-21_12:00:00
Caluculate_7days_Moving_Mean
from 2025-02-18 00:00:00
to 2025-02-25 00:00:00
space_mean(CTL) =  -6.021049
space_mean(ME00) =  -6.0611925
Change_Time_Step

time: 2025-02-21_18:00:00
Caluculate_7days_Moving_Mean
from 2025-02-18 06:00:00
to 2025-02-25 06:00:00
space_mean(CTL) =  -5.9179463
space_mean(ME00) =  -5.9606557
Change_Time_Step

time: 2025-02-22_00:00:00
Caluculate_7days_Moving_Mean
from 2025-02-18 12:00:00
to 2025-02-25 12:00:00
space_mean(CTL) =  -5.768185
space_mean(ME00) =  -5.817502
Change_Time_Step

time: 2025-02-22_06:00:00
Caluculate_7days_Moving_Mean
from 2025-02-18 18:00:00
to 2025-02-25 18:00:00
space_mean(CTL) =  -5.571488
space_mean(ME00) =  -5.6238003
Change_Time_Step

time: 2025-02-22_12:00:00
Caluculate_7days_Moving_Mean
from 2025-02-19 00:00:00
to 2025-02-26 00:00:00
space_mean(CTL) =  -5.348823
space_mean(ME00) =  -5.403064
Change_Time_Step

time: 2025-02-22_18:00:00
Caluculate_7days_Moving_Mean
from 2025-02-19 06:00:00
to 2025-02-26 06:00:00
space_mean(CTL) =  -5.105004
space_mean(ME00) =  -5.163886
Change_Time_Step

time: 2025-02-23_00:00:00
Caluculate_7days_Moving_Mean
from 2025-02-19 12:00:00
to 2025-02-26 12:00:00
space_mean(CTL) =  -4.86663
space_mean(ME00) =  -4.923285
Change_Time_Step

time: 2025-02-23_06:00:00
Caluculate_7days_Moving_Mean
from 2025-02-19 18:00:00
to 2025-02-26 18:00:00
space_mean(CTL) =  -4.655567
space_mean(ME00) =  -4.711848
Change_Time_Step

time: 2025-02-23_12:00:00
Caluculate_7days_Moving_Mean
from 2025-02-20 00:00:00
to 2025-02-27 00:00:00
space_mean(CTL) =  -4.4513464
space_mean(ME00) =  -4.50622
Change_Time_Step

time: 2025-02-23_18:00:00
Caluculate_7days_Moving_Mean
from 2025-02-20 06:00:00
to 2025-02-27 06:00:00
space_mean(CTL) =  -4.252335
space_mean(ME00) =  -4.3034964
Change_Time_Step

time: 2025-02-24_00:00:00
Caluculate_7days_Moving_Mean
from 2025-02-20 12:00:00
to 2025-02-27 12:00:00
space_mean(CTL) =  -4.050907
space_mean(ME00) =  -4.102735
Change_Time_Step

time: 2025-02-24_06:00:00
Caluculate_7days_Moving_Mean
from 2025-02-20 18:00:00
to 2025-02-27 18:00:00
space_mean(CTL) =  -3.8599298
space_mean(ME00) =  -3.9128377
Change_Time_Step

time: 2025-02-24_12:00:00
Caluculate_7days_Moving_Mean
from 2025-02-21 00:00:00
to 2025-02-28 00:00:00
space_mean(CTL) =  -3.6957548
space_mean(ME00) =  -3.7481554
Change_Time_Step

time: 2025-02-24_18:00:00
Caluculate_7days_Moving_Mean
from 2025-02-21 06:00:00
to 2025-02-28 06:00:00
space_mean(CTL) =  -3.5267534
space_mean(ME00) =  -3.5787263
Change_Time_Step

time: 2025-02-25_00:00:00
Caluculate_7days_Moving_Mean
from 2025-02-21 12:00:00
to 2025-02-28 12:00:00
space_mean(CTL) =  -3.355219
space_mean(ME00) =  -3.4083524
Change_Time_Step

time: 2025-02-25_06:00:00
Caluculate_7days_Moving_Mean
from 2025-02-21 18:00:00
to 2025-02-28 18:00:00
space_mean(CTL) =  -3.1913621
space_mean(ME00) =  -3.2428455
Change_Time_Step

time: 2025-02-25_12:00:00
Caluculate_7days_Moving_Mean
from 2025-02-22 00:00:00
to 2025-03-01 00:00:00
space_mean(CTL) =  -2.9982703
space_mean(ME00) =  -3.0492437
Change_Time_Step

time: 2025-02-25_18:00:00
Caluculate_7days_Moving_Mean
from 2025-02-22 06:00:00
to 2025-03-01 06:00:00
space_mean(CTL) =  -2.8106577
space_mean(ME00) =  -2.8616395
Change_Time_Step

time: 2025-02-26_00:00:00
Caluculate_7days_Moving_Mean
from 2025-02-22 12:00:00
to 2025-03-01 12:00:00
space_mean(CTL) =  -2.6635222
space_mean(ME00) =  -2.7113514
Change_Time_Step

time: 2025-02-26_06:00:00
Caluculate_7days_Moving_Mean
from 2025-02-22 18:00:00
to 2025-03-01 18:00:00
space_mean(CTL) =  -2.5206227
space_mean(ME00) =  -2.569397
Change_Time_Step

time: 2025-02-26_12:00:00
Caluculate_7days_Moving_Mean
from 2025-02-23 00:00:00
to 2025-03-02 00:00:00
space_mean(CTL) =  -2.3725033
space_mean(ME00) =  -2.4257407
Change_Time_Step

time: 2025-02-26_18:00:00
Caluculate_7days_Moving_Mean
from 2025-02-23 06:00:00
to 2025-03-02 06:00:00
space_mean(CTL) =  -2.2652664
space_mean(ME00) =  -2.3164735
Change_Time_Step

time: 2025-02-27_00:00:00
Caluculate_7days_Moving_Mean
from 2025-02-23 12:00:00
to 2025-03-02 12:00:00
space_mean(CTL) =  -2.189946
space_mean(ME00) =  -2.242355
Change_Time_Step

time: 2025-02-27_06:00:00
Caluculate_7days_Moving_Mean
from 2025-02-23 18:00:00
to 2025-03-02 18:00:00
space_mean(CTL) =  -2.1508105
space_mean(ME00) =  -2.2046115
Change_Time_Step

time: 2025-02-27_12:00:00
Caluculate_7days_Moving_Mean
from 2025-02-24 00:00:00
to 2025-03-03 00:00:00
space_mean(CTL) =  -2.161278
space_mean(ME00) =  -2.2135398
Change_Time_Step

time: 2025-02-27_18:00:00
Caluculate_7days_Moving_Mean
from 2025-02-24 06:00:00
to 2025-03-03 06:00:00
space_mean(CTL) =  -2.1824436
space_mean(ME00) =  -2.23244
Change_Time_Step

time: 2025-02-28_00:00:00
Caluculate_7days_Moving_Mean
from 2025-02-24 12:00:00
to 2025-03-03 12:00:00
space_mean(CTL) =  -2.19702
space_mean(ME00) =  -2.2462838
Change_Time_Step

time: 2025-02-28_06:00:00
Caluculate_7days_Moving_Mean
from 2025-02-24 18:00:00
to 2025-03-03 18:00:00
space_mean(CTL) =  -2.2031279
space_mean(ME00) =  -2.2499936
Change_Time_Step

time: 2025-02-28_12:00:00
Caluculate_7days_Moving_Mean
from 2025-02-25 00:00:00
to 2025-03-04 00:00:00
space_mean(CTL) =  -2.191511
space_mean(ME00) =  -2.2373424
Change_Time_Step

time: 2025-02-28_18:00:00
Caluculate_7days_Moving_Mean
from 2025-02-25 06:00:00
to 2025-03-04 06:00:00
space_mean(CTL) =  -2.1583276
space_mean(ME00) =  -2.2020774
Change_Time_Step

Create /home/akioz/calculate/wrf/2025DJF/CTL_va850_7dMean.nc
Create /home/akioz/calculate/wrf/2025DJF/ME00_va850_7dMean.nc
End Program
1255.62user 77.96system 22:17.33elapsed 99%CPU (0avgtext+0avgdata 2331388maxresident)k
13846512inputs+94512outputs (908major+9320225minor)pagefaults 0swaps
/home/akioz/miniconda3/envs/wrf/lib/python3.10/site-packages/wrf/__init__.py:3: UserWarning: pkg_resources is deprecated as an API. See https://setuptools.pypa.io/en/latest/pkg_resources.html. The pkg_resources package is slated for removal as early as 2025-11-30. Refrain from using this package or pin to Setuptools<81.
  import pkg_resources
Set Time : 2024-12-01 00:00:00----2025-02-28 18:00:00
Time: 2024-12-01_00
Back Time: 2024-11-30_18
Front Time: 2024-12-01_06
Read wrfout File 
/home/akioz/MyWRF/output/2025DJF/CTL/wrfout_d01_2024-11-30_18:00:00
/home/akioz/MyWRF/output/2025DJF/CTL/wrfout_d01_2024-12-01_00:00:00
/home/akioz/MyWRF/output/2025DJF/CTL/wrfout_d01_2024-12-01_06:00:00
Time: 2024-12-01_06
Back Time: 2024-12-01_00
Front Time: 2024-12-01_12
Read wrfout File 
/home/akioz/MyWRF/output/2025DJF/CTL/wrfout_d01_2024-12-01_00:00:00
/home/akioz/MyWRF/output/2025DJF/CTL/wrfout_d01_2024-12-01_06:00:00
/home/akioz/MyWRF/output/2025DJF/CTL/wrfout_d01_2024-12-01_12:00:00
Time: 2024-12-01_12
Back Time: 2024-12-01_06
Front Time: 2024-12-01_18
Read wrfout File 
/home/akioz/MyWRF/output/2025DJF/CTL/wrfout_d01_2024-12-01_06:00:00
/home/akioz/MyWRF/output/2025DJF/CTL/wrfout_d01_2024-12-01_12:00:00
/home/akioz/MyWRF/output/2025DJF/CTL/wrfout_d01_2024-12-01_18:00:00
Time: 2024-12-01_18
Back Time: 2024-12-01_12
Front Time: 2024-12-02_00
Read wrfout File 
/home/akioz/MyWRF/output/2025DJF/CTL/wrfout_d01_2024-12-01_12:00:00
/home/akioz/MyWRF/output/2025DJF/CTL/wrfout_d01_2024-12-01_18:00:00
/home/akioz/MyWRF/output/2025DJF/CTL/wrfout_d01_2024-12-02_00:00:00
Time: 2024-12-02_00
Back Time: 2024-12-01_18
Front Time: 2024-12-02_06
Read wrfout File 
/home/akioz/MyWRF/output/2025DJF/CTL/wrfout_d01_2024-12-01_18:00:00
/home/akioz/MyWRF/output/2025DJF/CTL/wrfout_d01_2024-12-02_00:00:00
/home/akioz/MyWRF/output/2025DJF/CTL/wrfout_d01_2024-12-02_06:00:00
Time: 2024-12-02_06
Back Time: 2024-12-02_00
Front Time: 2024-12-02_12
Read wrfout File 
/home/akioz/MyWRF/output/2025DJF/CTL/wrfout_d01_2024-12-02_00:00:00
/home/akioz/MyWRF/output/2025DJF/CTL/wrfout_d01_2024-12-02_06:00:00
/home/akioz/MyWRF/output/2025DJF/CTL/wrfout_d01_2024-12-02_12:00:00
Time: 2024-12-02_12
Back Time: 2024-12-02_06
Front Time: 2024-12-02_18
Read wrfout File 
/home/akioz/MyWRF/output/2025DJF/CTL/wrfout_d01_2024-12-02_06:00:00
/home/akioz/MyWRF/output/2025DJF/CTL/wrfout_d01_2024-12-02_12:00:00
/home/akioz/MyWRF/output/2025DJF/CTL/wrfout_d01_2024-12-02_18:00:00
Time: 2024-12-02_18
Back Time: 2024-12-02_12
Front Time: 2024-12-03_00
Read wrfout File 
/home/akioz/MyWRF/output/2025DJF/CTL/wrfout_d01_2024-12-02_12:00:00
/home/akioz/MyWRF/output/2025DJF/CTL/wrfout_d01_2024-12-02_18:00:00
/home/akioz/MyWRF/output/2025DJF/CTL/wrfout_d01_2024-12-03_00:00:00
Time: 2024-12-03_00
Back Time: 2024-12-02_18
Front Time: 2024-12-03_06
Read wrfout File 
/home/akioz/MyWRF/output/2025DJF/CTL/wrfout_d01_2024-12-02_18:00:00
/home/akioz/MyWRF/output/2025DJF/CTL/wrfout_d01_2024-12-03_00:00:00
/home/akioz/MyWRF/output/2025DJF/CTL/wrfout_d01_2024-12-03_06:00:00
Time: 2024-12-03_06
Back Time: 2024-12-03_00
Front Time: 2024-12-03_12
Read wrfout File 
/home/akioz/MyWRF/output/2025DJF/CTL/wrfout_d01_2024-12-03_00:00:00
/home/akioz/MyWRF/output/2025DJF/CTL/wrfout_d01_2024-12-03_06:00:00
/home/akioz/MyWRF/output/2025DJF/CTL/wrfout_d01_2024-12-03_12:00:00
Time: 2024-12-03_12
Back Time: 2024-12-03_06
Front Time: 2024-12-03_18
Read wrfout File 
/home/akioz/MyWRF/output/2025DJF/CTL/wrfout_d01_2024-12-03_06:00:00
/home/akioz/MyWRF/output/2025DJF/CTL/wrfout_d01_2024-12-03_12:00:00
/home/akioz/MyWRF/output/2025DJF/CTL/wrfout_d01_2024-12-03_18:00:00
Time: 2024-12-03_18
Back Time: 2024-12-03_12
Front Time: 2024-12-04_00
Read wrfout File 
/home/akioz/MyWRF/output/2025DJF/CTL/wrfout_d01_2024-12-03_12:00:00
/home/akioz/MyWRF/output/2025DJF/CTL/wrfout_d01_2024-12-03_18:00:00
/home/akioz/MyWRF/output/2025DJF/CTL/wrfout_d01_2024-12-04_00:00:00
Time: 2024-12-04_00
Back Time: 2024-12-03_18
Front Time: 2024-12-04_06
Read wrfout File 
/home/akioz/MyWRF/output/2025DJF/CTL/wrfout_d01_2024-12-03_18:00:00
/home/akioz/MyWRF/output/2025DJF/CTL/wrfout_d01_2024-12-04_00:00:00
/home/akioz/MyWRF/output/2025DJF/CTL/wrfout_d01_2024-12-04_06:00:00
Time: 2024-12-04_06
Back Time: 2024-12-04_00
Front Time: 2024-12-04_12
Read wrfout File 
/home/akioz/MyWRF/output/2025DJF/CTL/wrfout_d01_2024-12-04_00:00:00
/home/akioz/MyWRF/output/2025DJF/CTL/wrfout_d01_2024-12-04_06:00:00
/home/akioz/MyWRF/output/2025DJF/CTL/wrfout_d01_2024-12-04_12:00:00
Time: 2024-12-04_12
Back Time: 2024-12-04_06
Front Time: 2024-12-04_18
Read wrfout File 
/home/akioz/MyWRF/output/2025DJF/CTL/wrfout_d01_2024-12-04_06:00:00
/home/akioz/MyWRF/output/2025DJF/CTL/wrfout_d01_2024-12-04_12:00:00
/home/akioz/MyWRF/output/2025DJF/CTL/wrfout_d01_2024-12-04_18:00:00
Time: 2024-12-04_18
Back Time: 2024-12-04_12
Front Time: 2024-12-05_00
Read wrfout File 
/home/akioz/MyWRF/output/2025DJF/CTL/wrfout_d01_2024-12-04_12:00:00
/home/akioz/MyWRF/output/2025DJF/CTL/wrfout_d01_2024-12-04_18:00:00
/home/akioz/MyWRF/output/2025DJF/CTL/wrfout_d01_2024-12-05_00:00:00
Time: 2024-12-05_00
Back Time: 2024-12-04_18
Front Time: 2024-12-05_06
Read wrfout File 
/home/akioz/MyWRF/output/2025DJF/CTL/wrfout_d01_2024-12-04_18:00:00
/home/akioz/MyWRF/output/2025DJF/CTL/wrfout_d01_2024-12-05_00:00:00
/home/akioz/MyWRF/output/2025DJF/CTL/wrfout_d01_2024-12-05_06:00:00
Time: 2024-12-05_06
Back Time: 2024-12-05_00
Front Time: 2024-12-05_12
Read wrfout File 
/home/akioz/MyWRF/output/2025DJF/CTL/wrfout_d01_2024-12-05_00:00:00
/home/akioz/MyWRF/output/2025DJF/CTL/wrfout_d01_2024-12-05_06:00:00
/home/akioz/MyWRF/output/2025DJF/CTL/wrfout_d01_2024-12-05_12:00:00
Time: 2024-12-05_12
Back Time: 2024-12-05_06
Front Time: 2024-12-05_18
Read wrfout File 
/home/akioz/MyWRF/output/2025DJF/CTL/wrfout_d01_2024-12-05_06:00:00
/home/akioz/MyWRF/output/2025DJF/CTL/wrfout_d01_2024-12-05_12:00:00
/home/akioz/MyWRF/output/2025DJF/CTL/wrfout_d01_2024-12-05_18:00:00
Time: 2024-12-05_18
Back Time: 2024-12-05_12
Front Time: 2024-12-06_00
Read wrfout File 
/home/akioz/MyWRF/output/2025DJF/CTL/wrfout_d01_2024-12-05_12:00:00
/home/akioz/MyWRF/output/2025DJF/CTL/wrfout_d01_2024-12-05_18:00:00
/home/akioz/MyWRF/output/2025DJF/CTL/wrfout_d01_2024-12-06_00:00:00
Time: 2024-12-06_00
Back Time: 2024-12-05_18
Front Time: 2024-12-06_06
Read wrfout File 
/home/akioz/MyWRF/output/2025DJF/CTL/wrfout_d01_2024-12-05_18:00:00
/home/akioz/MyWRF/output/2025DJF/CTL/wrfout_d01_2024-12-06_00:00:00
/home/akioz/MyWRF/output/2025DJF/CTL/wrfout_d01_2024-12-06_06:00:00
Time: 2024-12-06_06
Back Time: 2024-12-06_00
Front Time: 2024-12-06_12
Read wrfout File 
/home/akioz/MyWRF/output/2025DJF/CTL/wrfout_d01_2024-12-06_00:00:00
/home/akioz/MyWRF/output/2025DJF/CTL/wrfout_d01_2024-12-06_06:00:00
/home/akioz/MyWRF/output/2025DJF/CTL/wrfout_d01_2024-12-06_12:00:00
Time: 2024-12-06_12
Back Time: 2024-12-06_06
Front Time: 2024-12-06_18
Read wrfout File 
/home/akioz/MyWRF/output/2025DJF/CTL/wrfout_d01_2024-12-06_06:00:00
/home/akioz/MyWRF/output/2025DJF/CTL/wrfout_d01_2024-12-06_12:00:00
/home/akioz/MyWRF/output/2025DJF/CTL/wrfout_d01_2024-12-06_18:00:00
Time: 2024-12-06_18
Back Time: 2024-12-06_12
Front Time: 2024-12-07_00
Read wrfout File 
/home/akioz/MyWRF/output/2025DJF/CTL/wrfout_d01_2024-12-06_12:00:00
/home/akioz/MyWRF/output/2025DJF/CTL/wrfout_d01_2024-12-06_18:00:00
/home/akioz/MyWRF/output/2025DJF/CTL/wrfout_d01_2024-12-07_00:00:00
Time: 2024-12-07_00
Back Time: 2024-12-06_18
Front Time: 2024-12-07_06
Read wrfout File 
/home/akioz/MyWRF/output/2025DJF/CTL/wrfout_d01_2024-12-06_18:00:00
/home/akioz/MyWRF/output/2025DJF/CTL/wrfout_d01_2024-12-07_00:00:00
/home/akioz/MyWRF/output/2025DJF/CTL/wrfout_d01_2024-12-07_06:00:00
Time: 2024-12-07_06
Back Time: 2024-12-07_00
Front Time: 2024-12-07_12
Read wrfout File 
/home/akioz/MyWRF/output/2025DJF/CTL/wrfout_d01_2024-12-07_00:00:00
/home/akioz/MyWRF/output/2025DJF/CTL/wrfout_d01_2024-12-07_06:00:00
/home/akioz/MyWRF/output/2025DJF/CTL/wrfout_d01_2024-12-07_12:00:00
Time: 2024-12-07_12
Back Time: 2024-12-07_06
Front Time: 2024-12-07_18
Read wrfout File 
/home/akioz/MyWRF/output/2025DJF/CTL/wrfout_d01_2024-12-07_06:00:00
/home/akioz/MyWRF/output/2025DJF/CTL/wrfout_d01_2024-12-07_12:00:00
/home/akioz/MyWRF/output/2025DJF/CTL/wrfout_d01_2024-12-07_18:00:00
Time: 2024-12-07_18
Back Time: 2024-12-07_12
Front Time: 2024-12-08_00
Read wrfout File 
/home/akioz/MyWRF/output/2025DJF/CTL/wrfout_d01_2024-12-07_12:00:00
/home/akioz/MyWRF/output/2025DJF/CTL/wrfout_d01_2024-12-07_18:00:00
/home/akioz/miniconda3/envs/wrf/lib/python3.10/site-packages/wrf/__init__.py:3: UserWarning: pkg_resources is deprecated as an API. See https://setuptools.pypa.io/en/latest/pkg_resources.html. The pkg_resources package is slated for removal as early as 2025-11-30. Refrain from using this package or pin to Setuptools<81.
  import pkg_resources
/home/akioz/MyWRF/output/2025DJF/CTL/wrfout_d01_2024-12-08_00:00:00
Time: 2024-12-08_00
Back Time: 2024-12-07_18
Front Time: 2024-12-08_06
Read wrfout File 
/home/akioz/MyWRF/output/2025DJF/CTL/wrfout_d01_2024-12-07_18:00:00
/home/akioz/MyWRF/output/2025DJF/CTL/wrfout_d01_2024-12-08_00:00:00
/home/akioz/MyWRF/output/2025DJF/CTL/wrfout_d01_2024-12-08_06:00:00
Time: 2024-12-08_06
Back Time: 2024-12-08_00
Front Time: 2024-12-08_12
Read wrfout File 
/home/akioz/MyWRF/output/2025DJF/CTL/wrfout_d01_2024-12-08_00:00:00
/home/akioz/MyWRF/output/2025DJF/CTL/wrfout_d01_2024-12-08_06:00:00
/home/akioz/MyWRF/output/2025DJF/CTL/wrfout_d01_2024-12-08_12:00:00
Time: 2024-12-08_12
Back Time: 2024-12-08_06
Front Time: 2024-12-08_18
Read wrfout File 
/home/akioz/MyWRF/output/2025DJF/CTL/wrfout_d01_2024-12-08_06:00:00
/home/akioz/MyWRF/output/2025DJF/CTL/wrfout_d01_2024-12-08_12:00:00
/home/akioz/MyWRF/output/2025DJF/CTL/wrfout_d01_2024-12-08_18:00:00
Time: 2024-12-08_18
Back Time: 2024-12-08_12
Front Time: 2024-12-09_00
Read wrfout File 
/home/akioz/MyWRF/output/2025DJF/CTL/wrfout_d01_2024-12-08_12:00:00
/home/akioz/MyWRF/output/2025DJF/CTL/wrfout_d01_2024-12-08_18:00:00
/home/akioz/MyWRF/output/2025DJF/CTL/wrfout_d01_2024-12-09_00:00:00
Time: 2024-12-09_00
Back Time: 2024-12-08_18
Front Time: 2024-12-09_06
Read wrfout File 
/home/akioz/MyWRF/output/2025DJF/CTL/wrfout_d01_2024-12-08_18:00:00
/home/akioz/MyWRF/output/2025DJF/CTL/wrfout_d01_2024-12-09_00:00:00
/home/akioz/MyWRF/output/2025DJF/CTL/wrfout_d01_2024-12-09_06:00:00
Time: 2024-12-09_06
Back Time: 2024-12-09_00
Front Time: 2024-12-09_12
Read wrfout File 
/home/akioz/MyWRF/output/2025DJF/CTL/wrfout_d01_2024-12-09_00:00:00
/home/akioz/MyWRF/output/2025DJF/CTL/wrfout_d01_2024-12-09_06:00:00
/home/akioz/MyWRF/output/2025DJF/CTL/wrfout_d01_2024-12-09_12:00:00
Time: 2024-12-09_12
Back Time: 2024-12-09_06
Front Time: 2024-12-09_18
Read wrfout File 
/home/akioz/MyWRF/output/2025DJF/CTL/wrfout_d01_2024-12-09_06:00:00
/home/akioz/MyWRF/output/2025DJF/CTL/wrfout_d01_2024-12-09_12:00:00
/home/akioz/MyWRF/output/2025DJF/CTL/wrfout_d01_2024-12-09_18:00:00
Time: 2024-12-09_18
Back Time: 2024-12-09_12
Front Time: 2024-12-10_00
Read wrfout File 
/home/akioz/MyWRF/output/2025DJF/CTL/wrfout_d01_2024-12-09_12:00:00
/home/akioz/MyWRF/output/2025DJF/CTL/wrfout_d01_2024-12-09_18:00:00
/home/akioz/MyWRF/output/2025DJF/CTL/wrfout_d01_2024-12-10_00:00:00
Time: 2024-12-10_00
Back Time: 2024-12-09_18
Front Time: 2024-12-10_06
Read wrfout File 
/home/akioz/MyWRF/output/2025DJF/CTL/wrfout_d01_2024-12-09_18:00:00
/home/akioz/MyWRF/output/2025DJF/CTL/wrfout_d01_2024-12-10_00:00:00
/home/akioz/MyWRF/output/2025DJF/CTL/wrfout_d01_2024-12-10_06:00:00
Time: 2024-12-10_06
Back Time: 2024-12-10_00
Front Time: 2024-12-10_12
Read wrfout File 
/home/akioz/MyWRF/output/2025DJF/CTL/wrfout_d01_2024-12-10_00:00:00
/home/akioz/MyWRF/output/2025DJF/CTL/wrfout_d01_2024-12-10_06:00:00
/home/akioz/MyWRF/output/2025DJF/CTL/wrfout_d01_2024-12-10_12:00:00
Time: 2024-12-10_12
Back Time: 2024-12-10_06
Front Time: 2024-12-10_18
Read wrfout File 
/home/akioz/MyWRF/output/2025DJF/CTL/wrfout_d01_2024-12-10_06:00:00
/home/akioz/MyWRF/output/2025DJF/CTL/wrfout_d01_2024-12-10_12:00:00
/home/akioz/MyWRF/output/2025DJF/CTL/wrfout_d01_2024-12-10_18:00:00
Time: 2024-12-10_18
Back Time: 2024-12-10_12
Front Time: 2024-12-11_00
Read wrfout File 
/home/akioz/MyWRF/output/2025DJF/CTL/wrfout_d01_2024-12-10_12:00:00
/home/akioz/MyWRF/output/2025DJF/CTL/wrfout_d01_2024-12-10_18:00:00
/home/akioz/MyWRF/output/2025DJF/CTL/wrfout_d01_2024-12-11_00:00:00
Time: 2024-12-11_00
Back Time: 2024-12-10_18
Front Time: 2024-12-11_06
Read wrfout File 
/home/akioz/MyWRF/output/2025DJF/CTL/wrfout_d01_2024-12-10_18:00:00
/home/akioz/MyWRF/output/2025DJF/CTL/wrfout_d01_2024-12-11_00:00:00
/home/akioz/MyWRF/output/2025DJF/CTL/wrfout_d01_2024-12-11_06:00:00
Time: 2024-12-11_06
Back Time: 2024-12-11_00
Front Time: 2024-12-11_12
Read wrfout File 
/home/akioz/MyWRF/output/2025DJF/CTL/wrfout_d01_2024-12-11_00:00:00
/home/akioz/MyWRF/output/2025DJF/CTL/wrfout_d01_2024-12-11_06:00:00
/home/akioz/MyWRF/output/2025DJF/CTL/wrfout_d01_2024-12-11_12:00:00
Time: 2024-12-11_12
Back Time: 2024-12-11_06
Front Time: 2024-12-11_18
Read wrfout File 
/home/akioz/MyWRF/output/2025DJF/CTL/wrfout_d01_2024-12-11_06:00:00
/home/akioz/MyWRF/output/2025DJF/CTL/wrfout_d01_2024-12-11_12:00:00
/home/akioz/MyWRF/output/2025DJF/CTL/wrfout_d01_2024-12-11_18:00:00
Time: 2024-12-11_18
Back Time: 2024-12-11_12
Front Time: 2024-12-12_00
Read wrfout File 
/home/akioz/MyWRF/output/2025DJF/CTL/wrfout_d01_2024-12-11_12:00:00
/home/akioz/MyWRF/output/2025DJF/CTL/wrfout_d01_2024-12-11_18:00:00
/home/akioz/MyWRF/output/2025DJF/CTL/wrfout_d01_2024-12-12_00:00:00
Time: 2024-12-12_00
Back Time: 2024-12-11_18
Front Time: 2024-12-12_06
Read wrfout File 
/home/akioz/MyWRF/output/2025DJF/CTL/wrfout_d01_2024-12-11_18:00:00
/home/akioz/MyWRF/output/2025DJF/CTL/wrfout_d01_2024-12-12_00:00:00
/home/akioz/MyWRF/output/2025DJF/CTL/wrfout_d01_2024-12-12_06:00:00
Time: 2024-12-12_06
Back Time: 2024-12-12_00
Front Time: 2024-12-12_12
Read wrfout File 
/home/akioz/MyWRF/output/2025DJF/CTL/wrfout_d01_2024-12-12_00:00:00
/home/akioz/MyWRF/output/2025DJF/CTL/wrfout_d01_2024-12-12_06:00:00
/home/akioz/MyWRF/output/2025DJF/CTL/wrfout_d01_2024-12-12_12:00:00
Time: 2024-12-12_12
Back Time: 2024-12-12_06
Front Time: 2024-12-12_18
Read wrfout File 
/home/akioz/MyWRF/output/2025DJF/CTL/wrfout_d01_2024-12-12_06:00:00
/home/akioz/MyWRF/output/2025DJF/CTL/wrfout_d01_2024-12-12_12:00:00
/home/akioz/MyWRF/output/2025DJF/CTL/wrfout_d01_2024-12-12_18:00:00
Time: 2024-12-12_18
Back Time: 2024-12-12_12
Front Time: 2024-12-13_00
Read wrfout File 
/home/akioz/MyWRF/output/2025DJF/CTL/wrfout_d01_2024-12-12_12:00:00
/home/akioz/MyWRF/output/2025DJF/CTL/wrfout_d01_2024-12-12_18:00:00
/home/akioz/MyWRF/output/2025DJF/CTL/wrfout_d01_2024-12-13_00:00:00
Time: 2024-12-13_00
Back Time: 2024-12-12_18
Front Time: 2024-12-13_06
Read wrfout File 
/home/akioz/MyWRF/output/2025DJF/CTL/wrfout_d01_2024-12-12_18:00:00
/home/akioz/MyWRF/output/2025DJF/CTL/wrfout_d01_2024-12-13_00:00:00
/home/akioz/MyWRF/output/2025DJF/CTL/wrfout_d01_2024-12-13_06:00:00
Time: 2024-12-13_06
Back Time: 2024-12-13_00
Front Time: 2024-12-13_12
Read wrfout File 
/home/akioz/MyWRF/output/2025DJF/CTL/wrfout_d01_2024-12-13_00:00:00
/home/akioz/MyWRF/output/2025DJF/CTL/wrfout_d01_2024-12-13_06:00:00
/home/akioz/MyWRF/output/2025DJF/CTL/wrfout_d01_2024-12-13_12:00:00
Time: 2024-12-13_12
Back Time: 2024-12-13_06
Front Time: 2024-12-13_18
Read wrfout File 
/home/akioz/MyWRF/output/2025DJF/CTL/wrfout_d01_2024-12-13_06:00:00
/home/akioz/MyWRF/output/2025DJF/CTL/wrfout_d01_2024-12-13_12:00:00
/home/akioz/MyWRF/output/2025DJF/CTL/wrfout_d01_2024-12-13_18:00:00
Time: 2024-12-13_18
Back Time: 2024-12-13_12
Front Time: 2024-12-14_00
Read wrfout File 
/home/akioz/MyWRF/output/2025DJF/CTL/wrfout_d01_2024-12-13_12:00:00
/home/akioz/MyWRF/output/2025DJF/CTL/wrfout_d01_2024-12-13_18:00:00
/home/akioz/MyWRF/output/2025DJF/CTL/wrfout_d01_2024-12-14_00:00:00
Time: 2024-12-14_00
Back Time: 2024-12-13_18
Front Time: 2024-12-14_06
Read wrfout File 
/home/akioz/MyWRF/output/2025DJF/CTL/wrfout_d01_2024-12-13_18:00:00
/home/akioz/MyWRF/output/2025DJF/CTL/wrfout_d01_2024-12-14_00:00:00
/home/akioz/MyWRF/output/2025DJF/CTL/wrfout_d01_2024-12-14_06:00:00
Time: 2024-12-14_06
Back Time: 2024-12-14_00
Front Time: 2024-12-14_12
Read wrfout File 
/home/akioz/MyWRF/output/2025DJF/CTL/wrfout_d01_2024-12-14_00:00:00
/home/akioz/MyWRF/output/2025DJF/CTL/wrfout_d01_2024-12-14_06:00:00
/home/akioz/MyWRF/output/2025DJF/CTL/wrfout_d01_2024-12-14_12:00:00
Time: 2024-12-14_12
Back Time: 2024-12-14_06
Front Time: 2024-12-14_18
Read wrfout File 
/home/akioz/MyWRF/output/2025DJF/CTL/wrfout_d01_2024-12-14_06:00:00
/home/akioz/MyWRF/output/2025DJF/CTL/wrfout_d01_2024-12-14_12:00:00
/home/akioz/MyWRF/output/2025DJF/CTL/wrfout_d01_2024-12-14_18:00:00
Time: 2024-12-14_18
Back Time: 2024-12-14_12
Front Time: 2024-12-15_00
Read wrfout File 
/home/akioz/MyWRF/output/2025DJF/CTL/wrfout_d01_2024-12-14_12:00:00
Set Time : 2024-12-01 00:00:00----2025-02-28 18:00:00
Time: 2024-12-01_00
Back Time: 2024-11-30_18
Front Time: 2024-12-01_06
Read wrfout File 
/home/akioz/MyWRF/output/2025DJF/ME00/wrfout_d01_2024-11-30_18:00:00
/home/akioz/MyWRF/output/2025DJF/ME00/wrfout_d01_2024-12-01_00:00:00
/home/akioz/MyWRF/output/2025DJF/ME00/wrfout_d01_2024-12-01_06:00:00
Time: 2024-12-01_06
Back Time: 2024-12-01_00
Front Time: 2024-12-01_12
Read wrfout File 
/home/akioz/MyWRF/output/2025DJF/ME00/wrfout_d01_2024-12-01_00:00:00
/home/akioz/MyWRF/output/2025DJF/ME00/wrfout_d01_2024-12-01_06:00:00
/home/akioz/MyWRF/output/2025DJF/ME00/wrfout_d01_2024-12-01_12:00:00
Time: 2024-12-01_12
Back Time: 2024-12-01_06
Front Time: 2024-12-01_18
Read wrfout File 
/home/akioz/MyWRF/output/2025DJF/ME00/wrfout_d01_2024-12-01_06:00:00
/home/akioz/MyWRF/output/2025DJF/ME00/wrfout_d01_2024-12-01_12:00:00
/home/akioz/MyWRF/output/2025DJF/ME00/wrfout_d01_2024-12-01_18:00:00
Time: 2024-12-01_18
Back Time: 2024-12-01_12
Front Time: 2024-12-02_00
Read wrfout File 
/home/akioz/MyWRF/output/2025DJF/ME00/wrfout_d01_2024-12-01_12:00:00
/home/akioz/MyWRF/output/2025DJF/ME00/wrfout_d01_2024-12-01_18:00:00
/home/akioz/MyWRF/output/2025DJF/ME00/wrfout_d01_2024-12-02_00:00:00
Time: 2024-12-02_00
Back Time: 2024-12-01_18
Front Time: 2024-12-02_06
Read wrfout File 
/home/akioz/MyWRF/output/2025DJF/ME00/wrfout_d01_2024-12-01_18:00:00
/home/akioz/MyWRF/output/2025DJF/ME00/wrfout_d01_2024-12-02_00:00:00
/home/akioz/MyWRF/output/2025DJF/ME00/wrfout_d01_2024-12-02_06:00:00
Time: 2024-12-02_06
Back Time: 2024-12-02_00
Front Time: 2024-12-02_12
Read wrfout File 
/home/akioz/MyWRF/output/2025DJF/ME00/wrfout_d01_2024-12-02_00:00:00
/home/akioz/MyWRF/output/2025DJF/ME00/wrfout_d01_2024-12-02_06:00:00
/home/akioz/MyWRF/output/2025DJF/ME00/wrfout_d01_2024-12-02_12:00:00
Time: 2024-12-02_12
Back Time: 2024-12-02_06
Front Time: 2024-12-02_18
Read wrfout File 
/home/akioz/MyWRF/output/2025DJF/ME00/wrfout_d01_2024-12-02_06:00:00
/home/akioz/MyWRF/output/2025DJF/ME00/wrfout_d01_2024-12-02_12:00:00
/home/akioz/MyWRF/output/2025DJF/ME00/wrfout_d01_2024-12-02_18:00:00
Time: 2024-12-02_18
Back Time: 2024-12-02_12
Front Time: 2024-12-03_00
Read wrfout File 
/home/akioz/MyWRF/output/2025DJF/ME00/wrfout_d01_2024-12-02_12:00:00
/home/akioz/MyWRF/output/2025DJF/ME00/wrfout_d01_2024-12-02_18:00:00
/home/akioz/MyWRF/output/2025DJF/ME00/wrfout_d01_2024-12-03_00:00:00
Time: 2024-12-03_00
Back Time: 2024-12-02_18
Front Time: 2024-12-03_06
Read wrfout File 
/home/akioz/MyWRF/output/2025DJF/ME00/wrfout_d01_2024-12-02_18:00:00
/home/akioz/MyWRF/output/2025DJF/ME00/wrfout_d01_2024-12-03_00:00:00
/home/akioz/MyWRF/output/2025DJF/ME00/wrfout_d01_2024-12-03_06:00:00
Time: 2024-12-03_06
Back Time: 2024-12-03_00
Front Time: 2024-12-03_12
Read wrfout File 
/home/akioz/MyWRF/output/2025DJF/ME00/wrfout_d01_2024-12-03_00:00:00
/home/akioz/MyWRF/output/2025DJF/ME00/wrfout_d01_2024-12-03_06:00:00
/home/akioz/MyWRF/output/2025DJF/ME00/wrfout_d01_2024-12-03_12:00:00
Time: 2024-12-03_12
Back Time: 2024-12-03_06
Front Time: 2024-12-03_18
Read wrfout File 
/home/akioz/MyWRF/output/2025DJF/ME00/wrfout_d01_2024-12-03_06:00:00
/home/akioz/MyWRF/output/2025DJF/ME00/wrfout_d01_2024-12-03_12:00:00
/home/akioz/MyWRF/output/2025DJF/ME00/wrfout_d01_2024-12-03_18:00:00
Time: 2024-12-03_18
Back Time: 2024-12-03_12
Front Time: 2024-12-04_00
Read wrfout File 
/home/akioz/MyWRF/output/2025DJF/ME00/wrfout_d01_2024-12-03_12:00:00
/home/akioz/MyWRF/output/2025DJF/ME00/wrfout_d01_2024-12-03_18:00:00
/home/akioz/MyWRF/output/2025DJF/ME00/wrfout_d01_2024-12-04_00:00:00
Time: 2024-12-04_00
Back Time: 2024-12-03_18
Front Time: 2024-12-04_06
Read wrfout File 
/home/akioz/MyWRF/output/2025DJF/ME00/wrfout_d01_2024-12-03_18:00:00
/home/akioz/MyWRF/output/2025DJF/ME00/wrfout_d01_2024-12-04_00:00:00
/home/akioz/MyWRF/output/2025DJF/ME00/wrfout_d01_2024-12-04_06:00:00
Time: 2024-12-04_06
Back Time: 2024-12-04_00
Front Time: 2024-12-04_12
Read wrfout File 
/home/akioz/MyWRF/output/2025DJF/ME00/wrfout_d01_2024-12-04_00:00:00
/home/akioz/MyWRF/output/2025DJF/ME00/wrfout_d01_2024-12-04_06:00:00
/home/akioz/MyWRF/output/2025DJF/ME00/wrfout_d01_2024-12-04_12:00:00
Time: 2024-12-04_12
Back Time: 2024-12-04_06
Front Time: 2024-12-04_18
Read wrfout File 
/home/akioz/MyWRF/output/2025DJF/ME00/wrfout_d01_2024-12-04_06:00:00
/home/akioz/MyWRF/output/2025DJF/ME00/wrfout_d01_2024-12-04_12:00:00
/home/akioz/MyWRF/output/2025DJF/ME00/wrfout_d01_2024-12-04_18:00:00
Time: 2024-12-04_18
Back Time: 2024-12-04_12
Front Time: 2024-12-05_00
Read wrfout File 
/home/akioz/MyWRF/output/2025DJF/ME00/wrfout_d01_2024-12-04_12:00:00
/home/akioz/MyWRF/output/2025DJF/ME00/wrfout_d01_2024-12-04_18:00:00
/home/akioz/MyWRF/output/2025DJF/ME00/wrfout_d01_2024-12-05_00:00:00
Time: 2024-12-05_00
Back Time: 2024-12-04_18
Front Time: 2024-12-05_06
Read wrfout File 
/home/akioz/MyWRF/output/2025DJF/ME00/wrfout_d01_2024-12-04_18:00:00
/home/akioz/MyWRF/output/2025DJF/ME00/wrfout_d01_2024-12-05_00:00:00
/home/akioz/MyWRF/output/2025DJF/ME00/wrfout_d01_2024-12-05_06:00:00
Time: 2024-12-05_06
Back Time: 2024-12-05_00
Front Time: 2024-12-05_12
Read wrfout File 
/home/akioz/MyWRF/output/2025DJF/ME00/wrfout_d01_2024-12-05_00:00:00
/home/akioz/MyWRF/output/2025DJF/ME00/wrfout_d01_2024-12-05_06:00:00
/home/akioz/MyWRF/output/2025DJF/ME00/wrfout_d01_2024-12-05_12:00:00
Time: 2024-12-05_12
Back Time: 2024-12-05_06
Front Time: 2024-12-05_18
Read wrfout File 
/home/akioz/MyWRF/output/2025DJF/ME00/wrfout_d01_2024-12-05_06:00:00
/home/akioz/MyWRF/output/2025DJF/ME00/wrfout_d01_2024-12-05_12:00:00
/home/akioz/MyWRF/output/2025DJF/ME00/wrfout_d01_2024-12-05_18:00:00
Time: 2024-12-05_18
Back Time: 2024-12-05_12
Front Time: 2024-12-06_00
Read wrfout File 
/home/akioz/MyWRF/output/2025DJF/ME00/wrfout_d01_2024-12-05_12:00:00
/home/akioz/MyWRF/output/2025DJF/ME00/wrfout_d01_2024-12-05_18:00:00
/home/akioz/MyWRF/output/2025DJF/ME00/wrfout_d01_2024-12-06_00:00:00
Time: 2024-12-06_00
Back Time: 2024-12-05_18
Front Time: 2024-12-06_06
Read wrfout File 
/home/akioz/MyWRF/output/2025DJF/ME00/wrfout_d01_2024-12-05_18:00:00
/home/akioz/MyWRF/output/2025DJF/ME00/wrfout_d01_2024-12-06_00:00:00
/home/akioz/MyWRF/output/2025DJF/ME00/wrfout_d01_2024-12-06_06:00:00
Time: 2024-12-06_06
Back Time: 2024-12-06_00
Front Time: 2024-12-06_12
Read wrfout File 
/home/akioz/MyWRF/output/2025DJF/ME00/wrfout_d01_2024-12-06_00:00:00
/home/akioz/MyWRF/output/2025DJF/ME00/wrfout_d01_2024-12-06_06:00:00
/home/akioz/MyWRF/output/2025DJF/ME00/wrfout_d01_2024-12-06_12:00:00
Time: 2024-12-06_12
Back Time: 2024-12-06_06
Front Time: 2024-12-06_18
Read wrfout File 
/home/akioz/MyWRF/output/2025DJF/ME00/wrfout_d01_2024-12-06_06:00:00
/home/akioz/MyWRF/output/2025DJF/ME00/wrfout_d01_2024-12-06_12:00:00
/home/akioz/MyWRF/output/2025DJF/ME00/wrfout_d01_2024-12-06_18:00:00
Time: 2024-12-06_18
Back Time: 2024-12-06_12
Front Time: 2024-12-07_00
Read wrfout File 
/home/akioz/MyWRF/output/2025DJF/ME00/wrfout_d01_2024-12-06_12:00:00
/home/akioz/MyWRF/output/2025DJF/ME00/wrfout_d01_2024-12-06_18:00:00
/home/akioz/MyWRF/output/2025DJF/ME00/wrfout_d01_2024-12-07_00:00:00
Time: 2024-12-07_00
Back Time: 2024-12-06_18
Front Time: 2024-12-07_06
Read wrfout File 
/home/akioz/MyWRF/output/2025DJF/ME00/wrfout_d01_2024-12-06_18:00:00
/home/akioz/MyWRF/output/2025DJF/ME00/wrfout_d01_2024-12-07_00:00:00
/home/akioz/MyWRF/output/2025DJF/ME00/wrfout_d01_2024-12-07_06:00:00
Time: 2024-12-07_06
Back Time: 2024-12-07_00
Front Time: 2024-12-07_12
Read wrfout File 
/home/akioz/MyWRF/output/2025DJF/ME00/wrfout_d01_2024-12-07_00:00:00
/home/akioz/MyWRF/output/2025DJF/ME00/wrfout_d01_2024-12-07_06:00:00
/home/akioz/MyWRF/output/2025DJF/ME00/wrfout_d01_2024-12-07_12:00:00
Time: 2024-12-07_12
Back Time: 2024-12-07_06
Front Time: 2024-12-07_18
Read wrfout File 
/home/akioz/MyWRF/output/2025DJF/ME00/wrfout_d01_2024-12-07_06:00:00
/home/akioz/MyWRF/output/2025DJF/ME00/wrfout_d01_2024-12-07_12:00:00
/home/akioz/MyWRF/output/2025DJF/ME00/wrfout_d01_2024-12-07_18:00:00
Time: 2024-12-07_18
Back Time: 2024-12-07_12
Front Time: 2024-12-08_00
Read wrfout File 
/home/akioz/MyWRF/output/2025DJF/CTL/wrfout_d01_2024-12-14_18:00:00
/home/akioz/MyWRF/output/2025DJF/CTL/wrfout_d01_2024-12-15_00:00:00
Time: 2024-12-15_00
Back Time: 2024-12-14_18
Front Time: 2024-12-15_06
Read wrfout File 
/home/akioz/MyWRF/output/2025DJF/CTL/wrfout_d01_2024-12-14_18:00:00
/home/akioz/MyWRF/output/2025DJF/CTL/wrfout_d01_2024-12-15_00:00:00
/home/akioz/MyWRF/output/2025DJF/CTL/wrfout_d01_2024-12-15_06:00:00
Time: 2024-12-15_06
Back Time: 2024-12-15_00
Front Time: 2024-12-15_12
Read wrfout File 
/home/akioz/MyWRF/output/2025DJF/CTL/wrfout_d01_2024-12-15_00:00:00
/home/akioz/MyWRF/output/2025DJF/CTL/wrfout_d01_2024-12-15_06:00:00
/home/akioz/MyWRF/output/2025DJF/CTL/wrfout_d01_2024-12-15_12:00:00
Time: 2024-12-15_12
Back Time: 2024-12-15_06
Front Time: 2024-12-15_18
Read wrfout File 
/home/akioz/MyWRF/output/2025DJF/CTL/wrfout_d01_2024-12-15_06:00:00
/home/akioz/MyWRF/output/2025DJF/CTL/wrfout_d01_2024-12-15_12:00:00
/home/akioz/MyWRF/output/2025DJF/CTL/wrfout_d01_2024-12-15_18:00:00
Time: 2024-12-15_18
Back Time: 2024-12-15_12
Front Time: 2024-12-16_00
Read wrfout File 
/home/akioz/MyWRF/output/2025DJF/CTL/wrfout_d01_2024-12-15_12:00:00
/home/akioz/MyWRF/output/2025DJF/CTL/wrfout_d01_2024-12-15_18:00:00
/home/akioz/MyWRF/output/2025DJF/CTL/wrfout_d01_2024-12-16_00:00:00
Time: 2024-12-16_00
Back Time: 2024-12-15_18
Front Time: 2024-12-16_06
Read wrfout File 
/home/akioz/MyWRF/output/2025DJF/CTL/wrfout_d01_2024-12-15_18:00:00
/home/akioz/MyWRF/output/2025DJF/CTL/wrfout_d01_2024-12-16_00:00:00
/home/akioz/MyWRF/output/2025DJF/CTL/wrfout_d01_2024-12-16_06:00:00
Time: 2024-12-16_06
Back Time: 2024-12-16_00
Front Time: 2024-12-16_12
Read wrfout File 
/home/akioz/MyWRF/output/2025DJF/CTL/wrfout_d01_2024-12-16_00:00:00
/home/akioz/MyWRF/output/2025DJF/CTL/wrfout_d01_2024-12-16_06:00:00
/home/akioz/MyWRF/output/2025DJF/CTL/wrfout_d01_2024-12-16_12:00:00
Time: 2024-12-16_12
Back Time: 2024-12-16_06
Front Time: 2024-12-16_18
Read wrfout File 
/home/akioz/MyWRF/output/2025DJF/CTL/wrfout_d01_2024-12-16_06:00:00
/home/akioz/MyWRF/output/2025DJF/CTL/wrfout_d01_2024-12-16_12:00:00
/home/akioz/MyWRF/output/2025DJF/CTL/wrfout_d01_2024-12-16_18:00:00
Time: 2024-12-16_18
Back Time: 2024-12-16_12
Front Time: 2024-12-17_00
Read wrfout File 
/home/akioz/MyWRF/output/2025DJF/CTL/wrfout_d01_2024-12-16_12:00:00
/home/akioz/MyWRF/output/2025DJF/CTL/wrfout_d01_2024-12-16_18:00:00
/home/akioz/MyWRF/output/2025DJF/CTL/wrfout_d01_2024-12-17_00:00:00
Time: 2024-12-17_00
Back Time: 2024-12-16_18
Front Time: 2024-12-17_06
Read wrfout File 
/home/akioz/MyWRF/output/2025DJF/CTL/wrfout_d01_2024-12-16_18:00:00
/home/akioz/MyWRF/output/2025DJF/CTL/wrfout_d01_2024-12-17_00:00:00
/home/akioz/MyWRF/output/2025DJF/CTL/wrfout_d01_2024-12-17_06:00:00
Time: 2024-12-17_06
Back Time: 2024-12-17_00
Front Time: 2024-12-17_12
Read wrfout File 
/home/akioz/MyWRF/output/2025DJF/CTL/wrfout_d01_2024-12-17_00:00:00
/home/akioz/MyWRF/output/2025DJF/CTL/wrfout_d01_2024-12-17_06:00:00
/home/akioz/MyWRF/output/2025DJF/CTL/wrfout_d01_2024-12-17_12:00:00
Time: 2024-12-17_12
Back Time: 2024-12-17_06
Front Time: 2024-12-17_18
Read wrfout File 
/home/akioz/MyWRF/output/2025DJF/CTL/wrfout_d01_2024-12-17_06:00:00
/home/akioz/MyWRF/output/2025DJF/CTL/wrfout_d01_2024-12-17_12:00:00
/home/akioz/MyWRF/output/2025DJF/CTL/wrfout_d01_2024-12-17_18:00:00
Time: 2024-12-17_18
Back Time: 2024-12-17_12
Front Time: 2024-12-18_00
Read wrfout File 
/home/akioz/MyWRF/output/2025DJF/CTL/wrfout_d01_2024-12-17_12:00:00
/home/akioz/MyWRF/output/2025DJF/CTL/wrfout_d01_2024-12-17_18:00:00
/home/akioz/MyWRF/output/2025DJF/CTL/wrfout_d01_2024-12-18_00:00:00
Time: 2024-12-18_00
Back Time: 2024-12-17_18
Front Time: 2024-12-18_06
Read wrfout File 
/home/akioz/MyWRF/output/2025DJF/CTL/wrfout_d01_2024-12-17_18:00:00
/home/akioz/MyWRF/output/2025DJF/CTL/wrfout_d01_2024-12-18_00:00:00
/home/akioz/MyWRF/output/2025DJF/CTL/wrfout_d01_2024-12-18_06:00:00
Time: 2024-12-18_06
Back Time: 2024-12-18_00
Front Time: 2024-12-18_12
Read wrfout File 
/home/akioz/MyWRF/output/2025DJF/CTL/wrfout_d01_2024-12-18_00:00:00
/home/akioz/MyWRF/output/2025DJF/CTL/wrfout_d01_2024-12-18_06:00:00
/home/akioz/MyWRF/output/2025DJF/CTL/wrfout_d01_2024-12-18_12:00:00
Time: 2024-12-18_12
Back Time: 2024-12-18_06
Front Time: 2024-12-18_18
Read wrfout File 
/home/akioz/MyWRF/output/2025DJF/CTL/wrfout_d01_2024-12-18_06:00:00
/home/akioz/MyWRF/output/2025DJF/CTL/wrfout_d01_2024-12-18_12:00:00
/home/akioz/MyWRF/output/2025DJF/CTL/wrfout_d01_2024-12-18_18:00:00
Time: 2024-12-18_18
Back Time: 2024-12-18_12
Front Time: 2024-12-19_00
Read wrfout File 
/home/akioz/MyWRF/output/2025DJF/CTL/wrfout_d01_2024-12-18_12:00:00
/home/akioz/MyWRF/output/2025DJF/CTL/wrfout_d01_2024-12-18_18:00:00
/home/akioz/MyWRF/output/2025DJF/CTL/wrfout_d01_2024-12-19_00:00:00
Time: 2024-12-19_00
Back Time: 2024-12-18_18
Front Time: 2024-12-19_06
Read wrfout File 
/home/akioz/MyWRF/output/2025DJF/CTL/wrfout_d01_2024-12-18_18:00:00
/home/akioz/MyWRF/output/2025DJF/CTL/wrfout_d01_2024-12-19_00:00:00
/home/akioz/MyWRF/output/2025DJF/CTL/wrfout_d01_2024-12-19_06:00:00
Time: 2024-12-19_06
Back Time: 2024-12-19_00
Front Time: 2024-12-19_12
Read wrfout File 
/home/akioz/MyWRF/output/2025DJF/CTL/wrfout_d01_2024-12-19_00:00:00
/home/akioz/MyWRF/output/2025DJF/CTL/wrfout_d01_2024-12-19_06:00:00
/home/akioz/MyWRF/output/2025DJF/CTL/wrfout_d01_2024-12-19_12:00:00
Time: 2024-12-19_12
Back Time: 2024-12-19_06
Front Time: 2024-12-19_18
Read wrfout File 
/home/akioz/MyWRF/output/2025DJF/CTL/wrfout_d01_2024-12-19_06:00:00
/home/akioz/MyWRF/output/2025DJF/CTL/wrfout_d01_2024-12-19_12:00:00
/home/akioz/MyWRF/output/2025DJF/CTL/wrfout_d01_2024-12-19_18:00:00
Time: 2024-12-19_18
Back Time: 2024-12-19_12
Front Time: 2024-12-20_00
Read wrfout File 
/home/akioz/MyWRF/output/2025DJF/CTL/wrfout_d01_2024-12-19_12:00:00
/home/akioz/MyWRF/output/2025DJF/CTL/wrfout_d01_2024-12-19_18:00:00
/home/akioz/MyWRF/output/2025DJF/CTL/wrfout_d01_2024-12-20_00:00:00
Time: 2024-12-20_00
Back Time: 2024-12-19_18
Front Time: 2024-12-20_06
Read wrfout File 
/home/akioz/MyWRF/output/2025DJF/CTL/wrfout_d01_2024-12-19_18:00:00
/home/akioz/MyWRF/output/2025DJF/CTL/wrfout_d01_2024-12-20_00:00:00
/home/akioz/MyWRF/output/2025DJF/CTL/wrfout_d01_2024-12-20_06:00:00
Time: 2024-12-20_06
Back Time: 2024-12-20_00
Front Time: 2024-12-20_12
Read wrfout File 
/home/akioz/MyWRF/output/2025DJF/CTL/wrfout_d01_2024-12-20_00:00:00
/home/akioz/MyWRF/output/2025DJF/CTL/wrfout_d01_2024-12-20_06:00:00
/home/akioz/MyWRF/output/2025DJF/CTL/wrfout_d01_2024-12-20_12:00:00
Time: 2024-12-20_12
Back Time: 2024-12-20_06
Front Time: 2024-12-20_18
Read wrfout File 
/home/akioz/MyWRF/output/2025DJF/CTL/wrfout_d01_2024-12-20_06:00:00
/home/akioz/MyWRF/output/2025DJF/CTL/wrfout_d01_2024-12-20_12:00:00
/home/akioz/MyWRF/output/2025DJF/CTL/wrfout_d01_2024-12-20_18:00:00
Time: 2024-12-20_18
Back Time: 2024-12-20_12
Front Time: 2024-12-21_00
Read wrfout File 
/home/akioz/MyWRF/output/2025DJF/CTL/wrfout_d01_2024-12-20_12:00:00
/home/akioz/MyWRF/output/2025DJF/CTL/wrfout_d01_2024-12-20_18:00:00
/home/akioz/MyWRF/output/2025DJF/CTL/wrfout_d01_2024-12-21_00:00:00
Time: 2024-12-21_00
Back Time: 2024-12-20_18
Front Time: 2024-12-21_06
Read wrfout File 
/home/akioz/MyWRF/output/2025DJF/CTL/wrfout_d01_2024-12-20_18:00:00
/home/akioz/MyWRF/output/2025DJF/CTL/wrfout_d01_2024-12-21_00:00:00
/home/akioz/MyWRF/output/2025DJF/CTL/wrfout_d01_2024-12-21_06:00:00
Time: 2024-12-21_06
Back Time: 2024-12-21_00
Front Time: 2024-12-21_12
Read wrfout File 
/home/akioz/MyWRF/output/2025DJF/CTL/wrfout_d01_2024-12-21_00:00:00
/home/akioz/MyWRF/output/2025DJF/CTL/wrfout_d01_2024-12-21_06:00:00
/home/akioz/MyWRF/output/2025DJF/CTL/wrfout_d01_2024-12-21_12:00:00
Time: 2024-12-21_12
Back Time: 2024-12-21_06
Front Time: 2024-12-21_18
Read wrfout File 
/home/akioz/MyWRF/output/2025DJF/CTL/wrfout_d01_2024-12-21_06:00:00
/home/akioz/MyWRF/output/2025DJF/CTL/wrfout_d01_2024-12-21_12:00:00
/home/akioz/MyWRF/output/2025DJF/CTL/wrfout_d01_2024-12-21_18:00:00
Time: 2024-12-21_18
Back Time: 2024-12-21_12
Front Time: 2024-12-22_00
Read wrfout File 
/home/akioz/MyWRF/output/2025DJF/ME00/wrfout_d01_2024-12-07_12:00:00
/home/akioz/MyWRF/output/2025DJF/ME00/wrfout_d01_2024-12-07_18:00:00
/home/akioz/MyWRF/output/2025DJF/ME00/wrfout_d01_2024-12-08_00:00:00
Time: 2024-12-08_00
Back Time: 2024-12-07_18
Front Time: 2024-12-08_06
Read wrfout File 
/home/akioz/MyWRF/output/2025DJF/ME00/wrfout_d01_2024-12-07_18:00:00
/home/akioz/MyWRF/output/2025DJF/ME00/wrfout_d01_2024-12-08_00:00:00
/home/akioz/MyWRF/output/2025DJF/ME00/wrfout_d01_2024-12-08_06:00:00
Time: 2024-12-08_06
Back Time: 2024-12-08_00
Front Time: 2024-12-08_12
Read wrfout File 
/home/akioz/MyWRF/output/2025DJF/ME00/wrfout_d01_2024-12-08_00:00:00
/home/akioz/MyWRF/output/2025DJF/ME00/wrfout_d01_2024-12-08_06:00:00
/home/akioz/MyWRF/output/2025DJF/ME00/wrfout_d01_2024-12-08_12:00:00
Time: 2024-12-08_12
Back Time: 2024-12-08_06
Front Time: 2024-12-08_18
Read wrfout File 
/home/akioz/MyWRF/output/2025DJF/ME00/wrfout_d01_2024-12-08_06:00:00
/home/akioz/MyWRF/output/2025DJF/ME00/wrfout_d01_2024-12-08_12:00:00
/home/akioz/MyWRF/output/2025DJF/ME00/wrfout_d01_2024-12-08_18:00:00
Time: 2024-12-08_18
Back Time: 2024-12-08_12
Front Time: 2024-12-09_00
Read wrfout File 
/home/akioz/MyWRF/output/2025DJF/ME00/wrfout_d01_2024-12-08_12:00:00
/home/akioz/MyWRF/output/2025DJF/ME00/wrfout_d01_2024-12-08_18:00:00
/home/akioz/MyWRF/output/2025DJF/ME00/wrfout_d01_2024-12-09_00:00:00
Time: 2024-12-09_00
Back Time: 2024-12-08_18
Front Time: 2024-12-09_06
Read wrfout File 
/home/akioz/MyWRF/output/2025DJF/ME00/wrfout_d01_2024-12-08_18:00:00
/home/akioz/MyWRF/output/2025DJF/ME00/wrfout_d01_2024-12-09_00:00:00
/home/akioz/MyWRF/output/2025DJF/ME00/wrfout_d01_2024-12-09_06:00:00
Time: 2024-12-09_06
Back Time: 2024-12-09_00
Front Time: 2024-12-09_12
Read wrfout File 
/home/akioz/MyWRF/output/2025DJF/ME00/wrfout_d01_2024-12-09_00:00:00
/home/akioz/MyWRF/output/2025DJF/ME00/wrfout_d01_2024-12-09_06:00:00
/home/akioz/MyWRF/output/2025DJF/ME00/wrfout_d01_2024-12-09_12:00:00
Time: 2024-12-09_12
Back Time: 2024-12-09_06
Front Time: 2024-12-09_18
Read wrfout File 
/home/akioz/MyWRF/output/2025DJF/ME00/wrfout_d01_2024-12-09_06:00:00
/home/akioz/MyWRF/output/2025DJF/ME00/wrfout_d01_2024-12-09_12:00:00
/home/akioz/MyWRF/output/2025DJF/ME00/wrfout_d01_2024-12-09_18:00:00
Time: 2024-12-09_18
Back Time: 2024-12-09_12
Front Time: 2024-12-10_00
Read wrfout File 
/home/akioz/MyWRF/output/2025DJF/ME00/wrfout_d01_2024-12-09_12:00:00
/home/akioz/MyWRF/output/2025DJF/ME00/wrfout_d01_2024-12-09_18:00:00
/home/akioz/MyWRF/output/2025DJF/ME00/wrfout_d01_2024-12-10_00:00:00
Time: 2024-12-10_00
Back Time: 2024-12-09_18
Front Time: 2024-12-10_06
Read wrfout File 
/home/akioz/MyWRF/output/2025DJF/ME00/wrfout_d01_2024-12-09_18:00:00
/home/akioz/MyWRF/output/2025DJF/ME00/wrfout_d01_2024-12-10_00:00:00
/home/akioz/MyWRF/output/2025DJF/ME00/wrfout_d01_2024-12-10_06:00:00
Time: 2024-12-10_06
Back Time: 2024-12-10_00
Front Time: 2024-12-10_12
Read wrfout File 
/home/akioz/MyWRF/output/2025DJF/ME00/wrfout_d01_2024-12-10_00:00:00
/home/akioz/MyWRF/output/2025DJF/ME00/wrfout_d01_2024-12-10_06:00:00
/home/akioz/MyWRF/output/2025DJF/ME00/wrfout_d01_2024-12-10_12:00:00
Time: 2024-12-10_12
Back Time: 2024-12-10_06
Front Time: 2024-12-10_18
Read wrfout File 
/home/akioz/MyWRF/output/2025DJF/ME00/wrfout_d01_2024-12-10_06:00:00
/home/akioz/MyWRF/output/2025DJF/ME00/wrfout_d01_2024-12-10_12:00:00
/home/akioz/MyWRF/output/2025DJF/ME00/wrfout_d01_2024-12-10_18:00:00
Time: 2024-12-10_18
Back Time: 2024-12-10_12
Front Time: 2024-12-11_00
Read wrfout File 
/home/akioz/MyWRF/output/2025DJF/ME00/wrfout_d01_2024-12-10_12:00:00
/home/akioz/MyWRF/output/2025DJF/ME00/wrfout_d01_2024-12-10_18:00:00
/home/akioz/MyWRF/output/2025DJF/ME00/wrfout_d01_2024-12-11_00:00:00
Time: 2024-12-11_00
Back Time: 2024-12-10_18
Front Time: 2024-12-11_06
Read wrfout File 
/home/akioz/MyWRF/output/2025DJF/ME00/wrfout_d01_2024-12-10_18:00:00
/home/akioz/MyWRF/output/2025DJF/ME00/wrfout_d01_2024-12-11_00:00:00
/home/akioz/MyWRF/output/2025DJF/ME00/wrfout_d01_2024-12-11_06:00:00
Time: 2024-12-11_06
Back Time: 2024-12-11_00
Front Time: 2024-12-11_12
Read wrfout File 
/home/akioz/MyWRF/output/2025DJF/ME00/wrfout_d01_2024-12-11_00:00:00
/home/akioz/MyWRF/output/2025DJF/ME00/wrfout_d01_2024-12-11_06:00:00
/home/akioz/MyWRF/output/2025DJF/ME00/wrfout_d01_2024-12-11_12:00:00
Time: 2024-12-11_12
Back Time: 2024-12-11_06
Front Time: 2024-12-11_18
Read wrfout File 
/home/akioz/MyWRF/output/2025DJF/ME00/wrfout_d01_2024-12-11_06:00:00
/home/akioz/MyWRF/output/2025DJF/ME00/wrfout_d01_2024-12-11_12:00:00
/home/akioz/MyWRF/output/2025DJF/ME00/wrfout_d01_2024-12-11_18:00:00
Time: 2024-12-11_18
Back Time: 2024-12-11_12
Front Time: 2024-12-12_00
Read wrfout File 
/home/akioz/MyWRF/output/2025DJF/ME00/wrfout_d01_2024-12-11_12:00:00
/home/akioz/MyWRF/output/2025DJF/ME00/wrfout_d01_2024-12-11_18:00:00
/home/akioz/MyWRF/output/2025DJF/ME00/wrfout_d01_2024-12-12_00:00:00
Time: 2024-12-12_00
Back Time: 2024-12-11_18
Front Time: 2024-12-12_06
Read wrfout File 
/home/akioz/MyWRF/output/2025DJF/ME00/wrfout_d01_2024-12-11_18:00:00
/home/akioz/MyWRF/output/2025DJF/ME00/wrfout_d01_2024-12-12_00:00:00
/home/akioz/MyWRF/output/2025DJF/ME00/wrfout_d01_2024-12-12_06:00:00
Time: 2024-12-12_06
Back Time: 2024-12-12_00
Front Time: 2024-12-12_12
Read wrfout File 
/home/akioz/MyWRF/output/2025DJF/ME00/wrfout_d01_2024-12-12_00:00:00
/home/akioz/MyWRF/output/2025DJF/ME00/wrfout_d01_2024-12-12_06:00:00
/home/akioz/MyWRF/output/2025DJF/ME00/wrfout_d01_2024-12-12_12:00:00
Time: 2024-12-12_12
Back Time: 2024-12-12_06
Front Time: 2024-12-12_18
Read wrfout File 
/home/akioz/MyWRF/output/2025DJF/ME00/wrfout_d01_2024-12-12_06:00:00
/home/akioz/MyWRF/output/2025DJF/ME00/wrfout_d01_2024-12-12_12:00:00
/home/akioz/MyWRF/output/2025DJF/ME00/wrfout_d01_2024-12-12_18:00:00
Time: 2024-12-12_18
Back Time: 2024-12-12_12
Front Time: 2024-12-13_00
Read wrfout File 
/home/akioz/MyWRF/output/2025DJF/ME00/wrfout_d01_2024-12-12_12:00:00
/home/akioz/MyWRF/output/2025DJF/ME00/wrfout_d01_2024-12-12_18:00:00
/home/akioz/MyWRF/output/2025DJF/ME00/wrfout_d01_2024-12-13_00:00:00
Time: 2024-12-13_00
Back Time: 2024-12-12_18
Front Time: 2024-12-13_06
Read wrfout File 
/home/akioz/MyWRF/output/2025DJF/ME00/wrfout_d01_2024-12-12_18:00:00
/home/akioz/MyWRF/output/2025DJF/ME00/wrfout_d01_2024-12-13_00:00:00
/home/akioz/MyWRF/output/2025DJF/ME00/wrfout_d01_2024-12-13_06:00:00
Time: 2024-12-13_06
Back Time: 2024-12-13_00
Front Time: 2024-12-13_12
Read wrfout File 
/home/akioz/MyWRF/output/2025DJF/ME00/wrfout_d01_2024-12-13_00:00:00
/home/akioz/MyWRF/output/2025DJF/ME00/wrfout_d01_2024-12-13_06:00:00
/home/akioz/MyWRF/output/2025DJF/ME00/wrfout_d01_2024-12-13_12:00:00
Time: 2024-12-13_12
Back Time: 2024-12-13_06
Front Time: 2024-12-13_18
Read wrfout File 
/home/akioz/MyWRF/output/2025DJF/ME00/wrfout_d01_2024-12-13_06:00:00
/home/akioz/MyWRF/output/2025DJF/ME00/wrfout_d01_2024-12-13_12:00:00
/home/akioz/MyWRF/output/2025DJF/ME00/wrfout_d01_2024-12-13_18:00:00
Time: 2024-12-13_18
Back Time: 2024-12-13_12
Front Time: 2024-12-14_00
Read wrfout File 
/home/akioz/MyWRF/output/2025DJF/ME00/wrfout_d01_2024-12-13_12:00:00
/home/akioz/MyWRF/output/2025DJF/ME00/wrfout_d01_2024-12-13_18:00:00
/home/akioz/MyWRF/output/2025DJF/ME00/wrfout_d01_2024-12-14_00:00:00
Time: 2024-12-14_00
Back Time: 2024-12-13_18
Front Time: 2024-12-14_06
Read wrfout File 
/home/akioz/MyWRF/output/2025DJF/ME00/wrfout_d01_2024-12-13_18:00:00
/home/akioz/MyWRF/output/2025DJF/ME00/wrfout_d01_2024-12-14_00:00:00
/home/akioz/MyWRF/output/2025DJF/ME00/wrfout_d01_2024-12-14_06:00:00
Time: 2024-12-14_06
Back Time: 2024-12-14_00
Front Time: 2024-12-14_12
Read wrfout File 
/home/akioz/MyWRF/output/2025DJF/ME00/wrfout_d01_2024-12-14_00:00:00
/home/akioz/MyWRF/output/2025DJF/ME00/wrfout_d01_2024-12-14_06:00:00
/home/akioz/MyWRF/output/2025DJF/ME00/wrfout_d01_2024-12-14_12:00:00
Time: 2024-12-14_12
Back Time: 2024-12-14_06
Front Time: 2024-12-14_18
Read wrfout File 
/home/akioz/MyWRF/output/2025DJF/ME00/wrfout_d01_2024-12-14_06:00:00
/home/akioz/MyWRF/output/2025DJF/ME00/wrfout_d01_2024-12-14_12:00:00
/home/akioz/MyWRF/output/2025DJF/CTL/wrfout_d01_2024-12-21_12:00:00
/home/akioz/MyWRF/output/2025DJF/CTL/wrfout_d01_2024-12-21_18:00:00
/home/akioz/MyWRF/output/2025DJF/CTL/wrfout_d01_2024-12-22_00:00:00
Time: 2024-12-22_00
Back Time: 2024-12-21_18
Front Time: 2024-12-22_06
Read wrfout File 
/home/akioz/MyWRF/output/2025DJF/CTL/wrfout_d01_2024-12-21_18:00:00
/home/akioz/MyWRF/output/2025DJF/CTL/wrfout_d01_2024-12-22_00:00:00
/home/akioz/MyWRF/output/2025DJF/CTL/wrfout_d01_2024-12-22_06:00:00
Time: 2024-12-22_06
Back Time: 2024-12-22_00
Front Time: 2024-12-22_12
Read wrfout File 
/home/akioz/MyWRF/output/2025DJF/CTL/wrfout_d01_2024-12-22_00:00:00
/home/akioz/MyWRF/output/2025DJF/CTL/wrfout_d01_2024-12-22_06:00:00
/home/akioz/MyWRF/output/2025DJF/CTL/wrfout_d01_2024-12-22_12:00:00
Time: 2024-12-22_12
Back Time: 2024-12-22_06
Front Time: 2024-12-22_18
Read wrfout File 
/home/akioz/MyWRF/output/2025DJF/CTL/wrfout_d01_2024-12-22_06:00:00
/home/akioz/MyWRF/output/2025DJF/CTL/wrfout_d01_2024-12-22_12:00:00
/home/akioz/MyWRF/output/2025DJF/CTL/wrfout_d01_2024-12-22_18:00:00
Time: 2024-12-22_18
Back Time: 2024-12-22_12
Front Time: 2024-12-23_00
Read wrfout File 
/home/akioz/MyWRF/output/2025DJF/CTL/wrfout_d01_2024-12-22_12:00:00
/home/akioz/MyWRF/output/2025DJF/CTL/wrfout_d01_2024-12-22_18:00:00
/home/akioz/MyWRF/output/2025DJF/CTL/wrfout_d01_2024-12-23_00:00:00
Time: 2024-12-23_00
Back Time: 2024-12-22_18
Front Time: 2024-12-23_06
Read wrfout File 
/home/akioz/MyWRF/output/2025DJF/CTL/wrfout_d01_2024-12-22_18:00:00
/home/akioz/MyWRF/output/2025DJF/CTL/wrfout_d01_2024-12-23_00:00:00
/home/akioz/MyWRF/output/2025DJF/CTL/wrfout_d01_2024-12-23_06:00:00
Time: 2024-12-23_06
Back Time: 2024-12-23_00
Front Time: 2024-12-23_12
Read wrfout File 
/home/akioz/MyWRF/output/2025DJF/CTL/wrfout_d01_2024-12-23_00:00:00
/home/akioz/MyWRF/output/2025DJF/CTL/wrfout_d01_2024-12-23_06:00:00
/home/akioz/MyWRF/output/2025DJF/CTL/wrfout_d01_2024-12-23_12:00:00
Time: 2024-12-23_12
Back Time: 2024-12-23_06
Front Time: 2024-12-23_18
Read wrfout File 
/home/akioz/MyWRF/output/2025DJF/CTL/wrfout_d01_2024-12-23_06:00:00
/home/akioz/MyWRF/output/2025DJF/CTL/wrfout_d01_2024-12-23_12:00:00
/home/akioz/MyWRF/output/2025DJF/CTL/wrfout_d01_2024-12-23_18:00:00
Time: 2024-12-23_18
Back Time: 2024-12-23_12
Front Time: 2024-12-24_00
Read wrfout File 
/home/akioz/MyWRF/output/2025DJF/CTL/wrfout_d01_2024-12-23_12:00:00
/home/akioz/MyWRF/output/2025DJF/CTL/wrfout_d01_2024-12-23_18:00:00
/home/akioz/MyWRF/output/2025DJF/CTL/wrfout_d01_2024-12-24_00:00:00
Time: 2024-12-24_00
Back Time: 2024-12-23_18
Front Time: 2024-12-24_06
Read wrfout File 
/home/akioz/MyWRF/output/2025DJF/CTL/wrfout_d01_2024-12-23_18:00:00
/home/akioz/MyWRF/output/2025DJF/CTL/wrfout_d01_2024-12-24_00:00:00
/home/akioz/MyWRF/output/2025DJF/CTL/wrfout_d01_2024-12-24_06:00:00
Time: 2024-12-24_06
Back Time: 2024-12-24_00
Front Time: 2024-12-24_12
Read wrfout File 
/home/akioz/MyWRF/output/2025DJF/CTL/wrfout_d01_2024-12-24_00:00:00
/home/akioz/MyWRF/output/2025DJF/CTL/wrfout_d01_2024-12-24_06:00:00
/home/akioz/MyWRF/output/2025DJF/CTL/wrfout_d01_2024-12-24_12:00:00
Time: 2024-12-24_12
Back Time: 2024-12-24_06
Front Time: 2024-12-24_18
Read wrfout File 
/home/akioz/MyWRF/output/2025DJF/CTL/wrfout_d01_2024-12-24_06:00:00
/home/akioz/MyWRF/output/2025DJF/CTL/wrfout_d01_2024-12-24_12:00:00
/home/akioz/MyWRF/output/2025DJF/CTL/wrfout_d01_2024-12-24_18:00:00
Time: 2024-12-24_18
Back Time: 2024-12-24_12
Front Time: 2024-12-25_00
Read wrfout File 
/home/akioz/MyWRF/output/2025DJF/CTL/wrfout_d01_2024-12-24_12:00:00
/home/akioz/MyWRF/output/2025DJF/CTL/wrfout_d01_2024-12-24_18:00:00
/home/akioz/MyWRF/output/2025DJF/CTL/wrfout_d01_2024-12-25_00:00:00
Time: 2024-12-25_00
Back Time: 2024-12-24_18
Front Time: 2024-12-25_06
Read wrfout File 
/home/akioz/MyWRF/output/2025DJF/CTL/wrfout_d01_2024-12-24_18:00:00
/home/akioz/MyWRF/output/2025DJF/CTL/wrfout_d01_2024-12-25_00:00:00
/home/akioz/MyWRF/output/2025DJF/CTL/wrfout_d01_2024-12-25_06:00:00
Time: 2024-12-25_06
Back Time: 2024-12-25_00
Front Time: 2024-12-25_12
Read wrfout File 
/home/akioz/MyWRF/output/2025DJF/CTL/wrfout_d01_2024-12-25_00:00:00
/home/akioz/MyWRF/output/2025DJF/CTL/wrfout_d01_2024-12-25_06:00:00
/home/akioz/MyWRF/output/2025DJF/CTL/wrfout_d01_2024-12-25_12:00:00
Time: 2024-12-25_12
Back Time: 2024-12-25_06
Front Time: 2024-12-25_18
Read wrfout File 
/home/akioz/MyWRF/output/2025DJF/CTL/wrfout_d01_2024-12-25_06:00:00
/home/akioz/MyWRF/output/2025DJF/CTL/wrfout_d01_2024-12-25_12:00:00
/home/akioz/MyWRF/output/2025DJF/CTL/wrfout_d01_2024-12-25_18:00:00
Time: 2024-12-25_18
Back Time: 2024-12-25_12
Front Time: 2024-12-26_00
Read wrfout File 
/home/akioz/MyWRF/output/2025DJF/CTL/wrfout_d01_2024-12-25_12:00:00
/home/akioz/MyWRF/output/2025DJF/CTL/wrfout_d01_2024-12-25_18:00:00
/home/akioz/MyWRF/output/2025DJF/CTL/wrfout_d01_2024-12-26_00:00:00
Time: 2024-12-26_00
Back Time: 2024-12-25_18
Front Time: 2024-12-26_06
Read wrfout File 
/home/akioz/MyWRF/output/2025DJF/CTL/wrfout_d01_2024-12-25_18:00:00
/home/akioz/MyWRF/output/2025DJF/CTL/wrfout_d01_2024-12-26_00:00:00
/home/akioz/MyWRF/output/2025DJF/CTL/wrfout_d01_2024-12-26_06:00:00
Time: 2024-12-26_06
Back Time: 2024-12-26_00
Front Time: 2024-12-26_12
Read wrfout File 
/home/akioz/MyWRF/output/2025DJF/CTL/wrfout_d01_2024-12-26_00:00:00
/home/akioz/MyWRF/output/2025DJF/CTL/wrfout_d01_2024-12-26_06:00:00
/home/akioz/MyWRF/output/2025DJF/CTL/wrfout_d01_2024-12-26_12:00:00
Time: 2024-12-26_12
Back Time: 2024-12-26_06
Front Time: 2024-12-26_18
Read wrfout File 
/home/akioz/MyWRF/output/2025DJF/CTL/wrfout_d01_2024-12-26_06:00:00
/home/akioz/MyWRF/output/2025DJF/CTL/wrfout_d01_2024-12-26_12:00:00
/home/akioz/MyWRF/output/2025DJF/CTL/wrfout_d01_2024-12-26_18:00:00
Time: 2024-12-26_18
Back Time: 2024-12-26_12
Front Time: 2024-12-27_00
Read wrfout File 
/home/akioz/MyWRF/output/2025DJF/CTL/wrfout_d01_2024-12-26_12:00:00
/home/akioz/MyWRF/output/2025DJF/CTL/wrfout_d01_2024-12-26_18:00:00
/home/akioz/MyWRF/output/2025DJF/CTL/wrfout_d01_2024-12-27_00:00:00
Time: 2024-12-27_00
Back Time: 2024-12-26_18
Front Time: 2024-12-27_06
Read wrfout File 
/home/akioz/MyWRF/output/2025DJF/CTL/wrfout_d01_2024-12-26_18:00:00
/home/akioz/MyWRF/output/2025DJF/CTL/wrfout_d01_2024-12-27_00:00:00
/home/akioz/MyWRF/output/2025DJF/CTL/wrfout_d01_2024-12-27_06:00:00
Time: 2024-12-27_06
Back Time: 2024-12-27_00
Front Time: 2024-12-27_12
Read wrfout File 
/home/akioz/MyWRF/output/2025DJF/CTL/wrfout_d01_2024-12-27_00:00:00
/home/akioz/MyWRF/output/2025DJF/CTL/wrfout_d01_2024-12-27_06:00:00
/home/akioz/MyWRF/output/2025DJF/CTL/wrfout_d01_2024-12-27_12:00:00
Time: 2024-12-27_12
Back Time: 2024-12-27_06
Front Time: 2024-12-27_18
Read wrfout File 
/home/akioz/MyWRF/output/2025DJF/CTL/wrfout_d01_2024-12-27_06:00:00
/home/akioz/MyWRF/output/2025DJF/CTL/wrfout_d01_2024-12-27_12:00:00
/home/akioz/MyWRF/output/2025DJF/CTL/wrfout_d01_2024-12-27_18:00:00
Time: 2024-12-27_18
Back Time: 2024-12-27_12
Front Time: 2024-12-28_00
Read wrfout File 
/home/akioz/MyWRF/output/2025DJF/CTL/wrfout_d01_2024-12-27_12:00:00
/home/akioz/MyWRF/output/2025DJF/CTL/wrfout_d01_2024-12-27_18:00:00
/home/akioz/MyWRF/output/2025DJF/CTL/wrfout_d01_2024-12-28_00:00:00
Time: 2024-12-28_00
Back Time: 2024-12-27_18
Front Time: 2024-12-28_06
Read wrfout File 
/home/akioz/MyWRF/output/2025DJF/CTL/wrfout_d01_2024-12-27_18:00:00
/home/akioz/MyWRF/output/2025DJF/CTL/wrfout_d01_2024-12-28_00:00:00
/home/akioz/MyWRF/output/2025DJF/CTL/wrfout_d01_2024-12-28_06:00:00
Time: 2024-12-28_06
Back Time: 2024-12-28_00
Front Time: 2024-12-28_12
Read wrfout File 
/home/akioz/MyWRF/output/2025DJF/CTL/wrfout_d01_2024-12-28_00:00:00
/home/akioz/MyWRF/output/2025DJF/CTL/wrfout_d01_2024-12-28_06:00:00
/home/akioz/MyWRF/output/2025DJF/CTL/wrfout_d01_2024-12-28_12:00:00
Time: 2024-12-28_12
Back Time: 2024-12-28_06
Front Time: 2024-12-28_18
Read wrfout File 
/home/akioz/MyWRF/output/2025DJF/CTL/wrfout_d01_2024-12-28_06:00:00
/home/akioz/MyWRF/output/2025DJF/CTL/wrfout_d01_2024-12-28_12:00:00
/home/akioz/MyWRF/output/2025DJF/CTL/wrfout_d01_2024-12-28_18:00:00
Time: 2024-12-28_18
Back Time: 2024-12-28_12
Front Time: 2024-12-29_00
/home/akioz/MyWRF/output/2025DJF/ME00/wrfout_d01_2024-12-14_18:00:00
Time: 2024-12-14_18
Back Time: 2024-12-14_12
Front Time: 2024-12-15_00
Read wrfout File 
/home/akioz/MyWRF/output/2025DJF/ME00/wrfout_d01_2024-12-14_12:00:00
/home/akioz/MyWRF/output/2025DJF/ME00/wrfout_d01_2024-12-14_18:00:00
/home/akioz/MyWRF/output/2025DJF/ME00/wrfout_d01_2024-12-15_00:00:00
Time: 2024-12-15_00
Back Time: 2024-12-14_18
Front Time: 2024-12-15_06
Read wrfout File 
/home/akioz/MyWRF/output/2025DJF/ME00/wrfout_d01_2024-12-14_18:00:00
/home/akioz/MyWRF/output/2025DJF/ME00/wrfout_d01_2024-12-15_00:00:00
/home/akioz/MyWRF/output/2025DJF/ME00/wrfout_d01_2024-12-15_06:00:00
Time: 2024-12-15_06
Back Time: 2024-12-15_00
Front Time: 2024-12-15_12
Read wrfout File 
/home/akioz/MyWRF/output/2025DJF/ME00/wrfout_d01_2024-12-15_00:00:00
/home/akioz/MyWRF/output/2025DJF/ME00/wrfout_d01_2024-12-15_06:00:00
/home/akioz/MyWRF/output/2025DJF/ME00/wrfout_d01_2024-12-15_12:00:00
Time: 2024-12-15_12
Back Time: 2024-12-15_06
Front Time: 2024-12-15_18
Read wrfout File 
/home/akioz/MyWRF/output/2025DJF/ME00/wrfout_d01_2024-12-15_06:00:00
/home/akioz/MyWRF/output/2025DJF/ME00/wrfout_d01_2024-12-15_12:00:00
/home/akioz/MyWRF/output/2025DJF/ME00/wrfout_d01_2024-12-15_18:00:00
Time: 2024-12-15_18
Back Time: 2024-12-15_12
Front Time: 2024-12-16_00
Read wrfout File 
/home/akioz/MyWRF/output/2025DJF/ME00/wrfout_d01_2024-12-15_12:00:00
/home/akioz/MyWRF/output/2025DJF/ME00/wrfout_d01_2024-12-15_18:00:00
/home/akioz/MyWRF/output/2025DJF/ME00/wrfout_d01_2024-12-16_00:00:00
Time: 2024-12-16_00
Back Time: 2024-12-15_18
Front Time: 2024-12-16_06
Read wrfout File 
/home/akioz/MyWRF/output/2025DJF/ME00/wrfout_d01_2024-12-15_18:00:00
/home/akioz/MyWRF/output/2025DJF/ME00/wrfout_d01_2024-12-16_00:00:00
/home/akioz/MyWRF/output/2025DJF/ME00/wrfout_d01_2024-12-16_06:00:00
Time: 2024-12-16_06
Back Time: 2024-12-16_00
Front Time: 2024-12-16_12
Read wrfout File 
/home/akioz/MyWRF/output/2025DJF/ME00/wrfout_d01_2024-12-16_00:00:00
/home/akioz/MyWRF/output/2025DJF/ME00/wrfout_d01_2024-12-16_06:00:00
/home/akioz/MyWRF/output/2025DJF/ME00/wrfout_d01_2024-12-16_12:00:00
Time: 2024-12-16_12
Back Time: 2024-12-16_06
Front Time: 2024-12-16_18
Read wrfout File 
/home/akioz/MyWRF/output/2025DJF/ME00/wrfout_d01_2024-12-16_06:00:00
/home/akioz/MyWRF/output/2025DJF/ME00/wrfout_d01_2024-12-16_12:00:00
/home/akioz/MyWRF/output/2025DJF/ME00/wrfout_d01_2024-12-16_18:00:00
Time: 2024-12-16_18
Back Time: 2024-12-16_12
Front Time: 2024-12-17_00
Read wrfout File 
/home/akioz/MyWRF/output/2025DJF/ME00/wrfout_d01_2024-12-16_12:00:00
/home/akioz/MyWRF/output/2025DJF/ME00/wrfout_d01_2024-12-16_18:00:00
/home/akioz/MyWRF/output/2025DJF/ME00/wrfout_d01_2024-12-17_00:00:00
Time: 2024-12-17_00
Back Time: 2024-12-16_18
Front Time: 2024-12-17_06
Read wrfout File 
/home/akioz/MyWRF/output/2025DJF/ME00/wrfout_d01_2024-12-16_18:00:00
/home/akioz/MyWRF/output/2025DJF/ME00/wrfout_d01_2024-12-17_00:00:00
/home/akioz/MyWRF/output/2025DJF/ME00/wrfout_d01_2024-12-17_06:00:00
Time: 2024-12-17_06
Back Time: 2024-12-17_00
Front Time: 2024-12-17_12
Read wrfout File 
/home/akioz/MyWRF/output/2025DJF/ME00/wrfout_d01_2024-12-17_00:00:00
/home/akioz/MyWRF/output/2025DJF/ME00/wrfout_d01_2024-12-17_06:00:00
/home/akioz/MyWRF/output/2025DJF/ME00/wrfout_d01_2024-12-17_12:00:00
Time: 2024-12-17_12
Back Time: 2024-12-17_06
Front Time: 2024-12-17_18
Read wrfout File 
/home/akioz/MyWRF/output/2025DJF/ME00/wrfout_d01_2024-12-17_06:00:00
/home/akioz/MyWRF/output/2025DJF/ME00/wrfout_d01_2024-12-17_12:00:00
/home/akioz/MyWRF/output/2025DJF/ME00/wrfout_d01_2024-12-17_18:00:00
Time: 2024-12-17_18
Back Time: 2024-12-17_12
Front Time: 2024-12-18_00
Read wrfout File 
/home/akioz/MyWRF/output/2025DJF/ME00/wrfout_d01_2024-12-17_12:00:00
/home/akioz/MyWRF/output/2025DJF/ME00/wrfout_d01_2024-12-17_18:00:00
/home/akioz/MyWRF/output/2025DJF/ME00/wrfout_d01_2024-12-18_00:00:00
Time: 2024-12-18_00
Back Time: 2024-12-17_18
Front Time: 2024-12-18_06
Read wrfout File 
/home/akioz/MyWRF/output/2025DJF/ME00/wrfout_d01_2024-12-17_18:00:00
/home/akioz/MyWRF/output/2025DJF/ME00/wrfout_d01_2024-12-18_00:00:00
/home/akioz/MyWRF/output/2025DJF/ME00/wrfout_d01_2024-12-18_06:00:00
Time: 2024-12-18_06
Back Time: 2024-12-18_00
Front Time: 2024-12-18_12
Read wrfout File 
/home/akioz/MyWRF/output/2025DJF/ME00/wrfout_d01_2024-12-18_00:00:00
/home/akioz/MyWRF/output/2025DJF/ME00/wrfout_d01_2024-12-18_06:00:00
/home/akioz/MyWRF/output/2025DJF/ME00/wrfout_d01_2024-12-18_12:00:00
Time: 2024-12-18_12
Back Time: 2024-12-18_06
Front Time: 2024-12-18_18
Read wrfout File 
/home/akioz/MyWRF/output/2025DJF/ME00/wrfout_d01_2024-12-18_06:00:00
/home/akioz/MyWRF/output/2025DJF/ME00/wrfout_d01_2024-12-18_12:00:00
/home/akioz/MyWRF/output/2025DJF/ME00/wrfout_d01_2024-12-18_18:00:00
Time: 2024-12-18_18
Back Time: 2024-12-18_12
Front Time: 2024-12-19_00
Read wrfout File 
/home/akioz/MyWRF/output/2025DJF/ME00/wrfout_d01_2024-12-18_12:00:00
/home/akioz/MyWRF/output/2025DJF/ME00/wrfout_d01_2024-12-18_18:00:00
/home/akioz/MyWRF/output/2025DJF/ME00/wrfout_d01_2024-12-19_00:00:00
Time: 2024-12-19_00
Back Time: 2024-12-18_18
Front Time: 2024-12-19_06
Read wrfout File 
/home/akioz/MyWRF/output/2025DJF/ME00/wrfout_d01_2024-12-18_18:00:00
/home/akioz/MyWRF/output/2025DJF/ME00/wrfout_d01_2024-12-19_00:00:00
/home/akioz/MyWRF/output/2025DJF/ME00/wrfout_d01_2024-12-19_06:00:00
Time: 2024-12-19_06
Back Time: 2024-12-19_00
Front Time: 2024-12-19_12
Read wrfout File 
/home/akioz/MyWRF/output/2025DJF/ME00/wrfout_d01_2024-12-19_00:00:00
/home/akioz/MyWRF/output/2025DJF/ME00/wrfout_d01_2024-12-19_06:00:00
/home/akioz/MyWRF/output/2025DJF/ME00/wrfout_d01_2024-12-19_12:00:00
Time: 2024-12-19_12
Back Time: 2024-12-19_06
Front Time: 2024-12-19_18
Read wrfout File 
/home/akioz/MyWRF/output/2025DJF/ME00/wrfout_d01_2024-12-19_06:00:00
/home/akioz/MyWRF/output/2025DJF/ME00/wrfout_d01_2024-12-19_12:00:00
/home/akioz/MyWRF/output/2025DJF/ME00/wrfout_d01_2024-12-19_18:00:00
Time: 2024-12-19_18
Back Time: 2024-12-19_12
Front Time: 2024-12-20_00
Read wrfout File 
/home/akioz/MyWRF/output/2025DJF/ME00/wrfout_d01_2024-12-19_12:00:00
/home/akioz/MyWRF/output/2025DJF/ME00/wrfout_d01_2024-12-19_18:00:00
/home/akioz/MyWRF/output/2025DJF/ME00/wrfout_d01_2024-12-20_00:00:00
Time: 2024-12-20_00
Back Time: 2024-12-19_18
Front Time: 2024-12-20_06
Read wrfout File 
/home/akioz/MyWRF/output/2025DJF/ME00/wrfout_d01_2024-12-19_18:00:00
/home/akioz/MyWRF/output/2025DJF/ME00/wrfout_d01_2024-12-20_00:00:00
/home/akioz/MyWRF/output/2025DJF/ME00/wrfout_d01_2024-12-20_06:00:00
Time: 2024-12-20_06
Back Time: 2024-12-20_00
Front Time: 2024-12-20_12
Read wrfout File 
/home/akioz/MyWRF/output/2025DJF/ME00/wrfout_d01_2024-12-20_00:00:00
/home/akioz/MyWRF/output/2025DJF/ME00/wrfout_d01_2024-12-20_06:00:00
/home/akioz/MyWRF/output/2025DJF/ME00/wrfout_d01_2024-12-20_12:00:00
Time: 2024-12-20_12
Back Time: 2024-12-20_06
Front Time: 2024-12-20_18
Read wrfout File 
/home/akioz/MyWRF/output/2025DJF/ME00/wrfout_d01_2024-12-20_06:00:00
/home/akioz/MyWRF/output/2025DJF/ME00/wrfout_d01_2024-12-20_12:00:00
/home/akioz/MyWRF/output/2025DJF/ME00/wrfout_d01_2024-12-20_18:00:00
Time: 2024-12-20_18
Back Time: 2024-12-20_12
Front Time: 2024-12-21_00
Read wrfout File 
/home/akioz/MyWRF/output/2025DJF/ME00/wrfout_d01_2024-12-20_12:00:00
/home/akioz/MyWRF/output/2025DJF/ME00/wrfout_d01_2024-12-20_18:00:00
/home/akioz/MyWRF/output/2025DJF/ME00/wrfout_d01_2024-12-21_00:00:00
Time: 2024-12-21_00
Back Time: 2024-12-20_18
Front Time: 2024-12-21_06
Read wrfout File 
/home/akioz/MyWRF/output/2025DJF/ME00/wrfout_d01_2024-12-20_18:00:00
/home/akioz/MyWRF/output/2025DJF/ME00/wrfout_d01_2024-12-21_00:00:00
/home/akioz/MyWRF/output/2025DJF/ME00/wrfout_d01_2024-12-21_06:00:00
Time: 2024-12-21_06
Back Time: 2024-12-21_00
Front Time: 2024-12-21_12
Read wrfout File 
/home/akioz/MyWRF/output/2025DJF/ME00/wrfout_d01_2024-12-21_00:00:00
/home/akioz/MyWRF/output/2025DJF/ME00/wrfout_d01_2024-12-21_06:00:00
/home/akioz/MyWRF/output/2025DJF/ME00/wrfout_d01_2024-12-21_12:00:00
Time: 2024-12-21_12
Back Time: 2024-12-21_06
Front Time: 2024-12-21_18
Read wrfout File 
Read wrfout File 
/home/akioz/MyWRF/output/2025DJF/CTL/wrfout_d01_2024-12-28_12:00:00
/home/akioz/MyWRF/output/2025DJF/CTL/wrfout_d01_2024-12-28_18:00:00
/home/akioz/MyWRF/output/2025DJF/CTL/wrfout_d01_2024-12-29_00:00:00
Time: 2024-12-29_00
Back Time: 2024-12-28_18
Front Time: 2024-12-29_06
Read wrfout File 
/home/akioz/MyWRF/output/2025DJF/CTL/wrfout_d01_2024-12-28_18:00:00
/home/akioz/MyWRF/output/2025DJF/CTL/wrfout_d01_2024-12-29_00:00:00
/home/akioz/MyWRF/output/2025DJF/CTL/wrfout_d01_2024-12-29_06:00:00
Time: 2024-12-29_06
Back Time: 2024-12-29_00
Front Time: 2024-12-29_12
Read wrfout File 
/home/akioz/MyWRF/output/2025DJF/CTL/wrfout_d01_2024-12-29_00:00:00
/home/akioz/MyWRF/output/2025DJF/CTL/wrfout_d01_2024-12-29_06:00:00
/home/akioz/MyWRF/output/2025DJF/CTL/wrfout_d01_2024-12-29_12:00:00
Time: 2024-12-29_12
Back Time: 2024-12-29_06
Front Time: 2024-12-29_18
Read wrfout File 
/home/akioz/MyWRF/output/2025DJF/CTL/wrfout_d01_2024-12-29_06:00:00
/home/akioz/MyWRF/output/2025DJF/CTL/wrfout_d01_2024-12-29_12:00:00
/home/akioz/MyWRF/output/2025DJF/CTL/wrfout_d01_2024-12-29_18:00:00
Time: 2024-12-29_18
Back Time: 2024-12-29_12
Front Time: 2024-12-30_00
Read wrfout File 
/home/akioz/MyWRF/output/2025DJF/CTL/wrfout_d01_2024-12-29_12:00:00
/home/akioz/MyWRF/output/2025DJF/CTL/wrfout_d01_2024-12-29_18:00:00
/home/akioz/MyWRF/output/2025DJF/CTL/wrfout_d01_2024-12-30_00:00:00
Time: 2024-12-30_00
Back Time: 2024-12-29_18
Front Time: 2024-12-30_06
Read wrfout File 
/home/akioz/MyWRF/output/2025DJF/CTL/wrfout_d01_2024-12-29_18:00:00
/home/akioz/MyWRF/output/2025DJF/CTL/wrfout_d01_2024-12-30_00:00:00
/home/akioz/MyWRF/output/2025DJF/CTL/wrfout_d01_2024-12-30_06:00:00
Time: 2024-12-30_06
Back Time: 2024-12-30_00
Front Time: 2024-12-30_12
Read wrfout File 
/home/akioz/MyWRF/output/2025DJF/CTL/wrfout_d01_2024-12-30_00:00:00
/home/akioz/MyWRF/output/2025DJF/CTL/wrfout_d01_2024-12-30_06:00:00
/home/akioz/MyWRF/output/2025DJF/CTL/wrfout_d01_2024-12-30_12:00:00
Time: 2024-12-30_12
Back Time: 2024-12-30_06
Front Time: 2024-12-30_18
Read wrfout File 
/home/akioz/MyWRF/output/2025DJF/CTL/wrfout_d01_2024-12-30_06:00:00
/home/akioz/MyWRF/output/2025DJF/CTL/wrfout_d01_2024-12-30_12:00:00
/home/akioz/MyWRF/output/2025DJF/CTL/wrfout_d01_2024-12-30_18:00:00
Time: 2024-12-30_18
Back Time: 2024-12-30_12
Front Time: 2024-12-31_00
Read wrfout File 
/home/akioz/MyWRF/output/2025DJF/CTL/wrfout_d01_2024-12-30_12:00:00
/home/akioz/MyWRF/output/2025DJF/CTL/wrfout_d01_2024-12-30_18:00:00
/home/akioz/MyWRF/output/2025DJF/CTL/wrfout_d01_2024-12-31_00:00:00
Time: 2024-12-31_00
Back Time: 2024-12-30_18
Front Time: 2024-12-31_06
Read wrfout File 
/home/akioz/MyWRF/output/2025DJF/CTL/wrfout_d01_2024-12-30_18:00:00
/home/akioz/MyWRF/output/2025DJF/CTL/wrfout_d01_2024-12-31_00:00:00
/home/akioz/MyWRF/output/2025DJF/CTL/wrfout_d01_2024-12-31_06:00:00
Time: 2024-12-31_06
Back Time: 2024-12-31_00
Front Time: 2024-12-31_12
Read wrfout File 
/home/akioz/MyWRF/output/2025DJF/CTL/wrfout_d01_2024-12-31_00:00:00
/home/akioz/MyWRF/output/2025DJF/CTL/wrfout_d01_2024-12-31_06:00:00
/home/akioz/MyWRF/output/2025DJF/CTL/wrfout_d01_2024-12-31_12:00:00
Time: 2024-12-31_12
Back Time: 2024-12-31_06
Front Time: 2024-12-31_18
Read wrfout File 
/home/akioz/MyWRF/output/2025DJF/CTL/wrfout_d01_2024-12-31_06:00:00
/home/akioz/MyWRF/output/2025DJF/CTL/wrfout_d01_2024-12-31_12:00:00
/home/akioz/MyWRF/output/2025DJF/CTL/wrfout_d01_2024-12-31_18:00:00
Time: 2024-12-31_18
Back Time: 2024-12-31_12
Front Time: 2025-01-01_00
Read wrfout File 
/home/akioz/MyWRF/output/2025DJF/CTL/wrfout_d01_2024-12-31_12:00:00
/home/akioz/MyWRF/output/2025DJF/CTL/wrfout_d01_2024-12-31_18:00:00
/home/akioz/MyWRF/output/2025DJF/CTL/wrfout_d01_2025-01-01_00:00:00
Time: 2025-01-01_00
Back Time: 2024-12-31_18
Front Time: 2025-01-01_06
Read wrfout File 
/home/akioz/MyWRF/output/2025DJF/CTL/wrfout_d01_2024-12-31_18:00:00
/home/akioz/MyWRF/output/2025DJF/CTL/wrfout_d01_2025-01-01_00:00:00
/home/akioz/MyWRF/output/2025DJF/CTL/wrfout_d01_2025-01-01_06:00:00
Time: 2025-01-01_06
Back Time: 2025-01-01_00
Front Time: 2025-01-01_12
Read wrfout File 
/home/akioz/MyWRF/output/2025DJF/CTL/wrfout_d01_2025-01-01_00:00:00
/home/akioz/MyWRF/output/2025DJF/CTL/wrfout_d01_2025-01-01_06:00:00
/home/akioz/MyWRF/output/2025DJF/CTL/wrfout_d01_2025-01-01_12:00:00
Time: 2025-01-01_12
Back Time: 2025-01-01_06
Front Time: 2025-01-01_18
Read wrfout File 
/home/akioz/MyWRF/output/2025DJF/CTL/wrfout_d01_2025-01-01_06:00:00
/home/akioz/MyWRF/output/2025DJF/CTL/wrfout_d01_2025-01-01_12:00:00
/home/akioz/MyWRF/output/2025DJF/CTL/wrfout_d01_2025-01-01_18:00:00
Time: 2025-01-01_18
Back Time: 2025-01-01_12
Front Time: 2025-01-02_00
Read wrfout File 
/home/akioz/MyWRF/output/2025DJF/CTL/wrfout_d01_2025-01-01_12:00:00
/home/akioz/MyWRF/output/2025DJF/CTL/wrfout_d01_2025-01-01_18:00:00
/home/akioz/MyWRF/output/2025DJF/CTL/wrfout_d01_2025-01-02_00:00:00
Time: 2025-01-02_00
Back Time: 2025-01-01_18
Front Time: 2025-01-02_06
Read wrfout File 
/home/akioz/MyWRF/output/2025DJF/CTL/wrfout_d01_2025-01-01_18:00:00
/home/akioz/MyWRF/output/2025DJF/CTL/wrfout_d01_2025-01-02_00:00:00
/home/akioz/MyWRF/output/2025DJF/CTL/wrfout_d01_2025-01-02_06:00:00
Time: 2025-01-02_06
Back Time: 2025-01-02_00
Front Time: 2025-01-02_12
Read wrfout File 
/home/akioz/MyWRF/output/2025DJF/CTL/wrfout_d01_2025-01-02_00:00:00
/home/akioz/MyWRF/output/2025DJF/CTL/wrfout_d01_2025-01-02_06:00:00
/home/akioz/MyWRF/output/2025DJF/CTL/wrfout_d01_2025-01-02_12:00:00
Time: 2025-01-02_12
Back Time: 2025-01-02_06
Front Time: 2025-01-02_18
Read wrfout File 
/home/akioz/MyWRF/output/2025DJF/CTL/wrfout_d01_2025-01-02_06:00:00
/home/akioz/MyWRF/output/2025DJF/CTL/wrfout_d01_2025-01-02_12:00:00
/home/akioz/MyWRF/output/2025DJF/CTL/wrfout_d01_2025-01-02_18:00:00
Time: 2025-01-02_18
Back Time: 2025-01-02_12
Front Time: 2025-01-03_00
Read wrfout File 
/home/akioz/MyWRF/output/2025DJF/CTL/wrfout_d01_2025-01-02_12:00:00
/home/akioz/MyWRF/output/2025DJF/CTL/wrfout_d01_2025-01-02_18:00:00
/home/akioz/MyWRF/output/2025DJF/CTL/wrfout_d01_2025-01-03_00:00:00
Time: 2025-01-03_00
Back Time: 2025-01-02_18
Front Time: 2025-01-03_06
Read wrfout File 
/home/akioz/MyWRF/output/2025DJF/CTL/wrfout_d01_2025-01-02_18:00:00
/home/akioz/MyWRF/output/2025DJF/CTL/wrfout_d01_2025-01-03_00:00:00
/home/akioz/MyWRF/output/2025DJF/CTL/wrfout_d01_2025-01-03_06:00:00
Time: 2025-01-03_06
Back Time: 2025-01-03_00
Front Time: 2025-01-03_12
Read wrfout File 
/home/akioz/MyWRF/output/2025DJF/CTL/wrfout_d01_2025-01-03_00:00:00
/home/akioz/MyWRF/output/2025DJF/CTL/wrfout_d01_2025-01-03_06:00:00
/home/akioz/MyWRF/output/2025DJF/CTL/wrfout_d01_2025-01-03_12:00:00
Time: 2025-01-03_12
Back Time: 2025-01-03_06
Front Time: 2025-01-03_18
Read wrfout File 
/home/akioz/MyWRF/output/2025DJF/CTL/wrfout_d01_2025-01-03_06:00:00
/home/akioz/MyWRF/output/2025DJF/CTL/wrfout_d01_2025-01-03_12:00:00
/home/akioz/MyWRF/output/2025DJF/CTL/wrfout_d01_2025-01-03_18:00:00
Time: 2025-01-03_18
Back Time: 2025-01-03_12
Front Time: 2025-01-04_00
Read wrfout File 
/home/akioz/MyWRF/output/2025DJF/CTL/wrfout_d01_2025-01-03_12:00:00
/home/akioz/MyWRF/output/2025DJF/CTL/wrfout_d01_2025-01-03_18:00:00
/home/akioz/MyWRF/output/2025DJF/CTL/wrfout_d01_2025-01-04_00:00:00
Time: 2025-01-04_00
Back Time: 2025-01-03_18
Front Time: 2025-01-04_06
Read wrfout File 
/home/akioz/MyWRF/output/2025DJF/CTL/wrfout_d01_2025-01-03_18:00:00
/home/akioz/MyWRF/output/2025DJF/CTL/wrfout_d01_2025-01-04_00:00:00
/home/akioz/MyWRF/output/2025DJF/CTL/wrfout_d01_2025-01-04_06:00:00
Time: 2025-01-04_06
Back Time: 2025-01-04_00
Front Time: 2025-01-04_12
Read wrfout File 
/home/akioz/MyWRF/output/2025DJF/CTL/wrfout_d01_2025-01-04_00:00:00
/home/akioz/MyWRF/output/2025DJF/CTL/wrfout_d01_2025-01-04_06:00:00
/home/akioz/MyWRF/output/2025DJF/CTL/wrfout_d01_2025-01-04_12:00:00
Time: 2025-01-04_12
Back Time: 2025-01-04_06
Front Time: 2025-01-04_18
Read wrfout File 
/home/akioz/MyWRF/output/2025DJF/CTL/wrfout_d01_2025-01-04_06:00:00
/home/akioz/MyWRF/output/2025DJF/CTL/wrfout_d01_2025-01-04_12:00:00
/home/akioz/MyWRF/output/2025DJF/CTL/wrfout_d01_2025-01-04_18:00:00
Time: 2025-01-04_18
Back Time: 2025-01-04_12
Front Time: /home/akioz/MyWRF/output/2025DJF/ME00/wrfout_d01_2024-12-21_06:00:00
/home/akioz/MyWRF/output/2025DJF/ME00/wrfout_d01_2024-12-21_12:00:00
/home/akioz/MyWRF/output/2025DJF/ME00/wrfout_d01_2024-12-21_18:00:00
Time: 2024-12-21_18
Back Time: 2024-12-21_12
Front Time: 2024-12-22_00
Read wrfout File 
/home/akioz/MyWRF/output/2025DJF/ME00/wrfout_d01_2024-12-21_12:00:00
/home/akioz/MyWRF/output/2025DJF/ME00/wrfout_d01_2024-12-21_18:00:00
/home/akioz/MyWRF/output/2025DJF/ME00/wrfout_d01_2024-12-22_00:00:00
Time: 2024-12-22_00
Back Time: 2024-12-21_18
Front Time: 2024-12-22_06
Read wrfout File 
/home/akioz/MyWRF/output/2025DJF/ME00/wrfout_d01_2024-12-21_18:00:00
/home/akioz/MyWRF/output/2025DJF/ME00/wrfout_d01_2024-12-22_00:00:00
/home/akioz/MyWRF/output/2025DJF/ME00/wrfout_d01_2024-12-22_06:00:00
Time: 2024-12-22_06
Back Time: 2024-12-22_00
Front Time: 2024-12-22_12
Read wrfout File 
/home/akioz/MyWRF/output/2025DJF/ME00/wrfout_d01_2024-12-22_00:00:00
/home/akioz/MyWRF/output/2025DJF/ME00/wrfout_d01_2024-12-22_06:00:00
/home/akioz/MyWRF/output/2025DJF/ME00/wrfout_d01_2024-12-22_12:00:00
Time: 2024-12-22_12
Back Time: 2024-12-22_06
Front Time: 2024-12-22_18
Read wrfout File 
/home/akioz/MyWRF/output/2025DJF/ME00/wrfout_d01_2024-12-22_06:00:00
/home/akioz/MyWRF/output/2025DJF/ME00/wrfout_d01_2024-12-22_12:00:00
/home/akioz/MyWRF/output/2025DJF/ME00/wrfout_d01_2024-12-22_18:00:00
Time: 2024-12-22_18
Back Time: 2024-12-22_12
Front Time: 2024-12-23_00
Read wrfout File 
/home/akioz/MyWRF/output/2025DJF/ME00/wrfout_d01_2024-12-22_12:00:00
/home/akioz/MyWRF/output/2025DJF/ME00/wrfout_d01_2024-12-22_18:00:00
/home/akioz/MyWRF/output/2025DJF/ME00/wrfout_d01_2024-12-23_00:00:00
Time: 2024-12-23_00
Back Time: 2024-12-22_18
Front Time: 2024-12-23_06
Read wrfout File 
/home/akioz/MyWRF/output/2025DJF/ME00/wrfout_d01_2024-12-22_18:00:00
/home/akioz/MyWRF/output/2025DJF/ME00/wrfout_d01_2024-12-23_00:00:00
/home/akioz/MyWRF/output/2025DJF/ME00/wrfout_d01_2024-12-23_06:00:00
Time: 2024-12-23_06
Back Time: 2024-12-23_00
Front Time: 2024-12-23_12
Read wrfout File 
/home/akioz/MyWRF/output/2025DJF/ME00/wrfout_d01_2024-12-23_00:00:00
/home/akioz/MyWRF/output/2025DJF/ME00/wrfout_d01_2024-12-23_06:00:00
/home/akioz/MyWRF/output/2025DJF/ME00/wrfout_d01_2024-12-23_12:00:00
Time: 2024-12-23_12
Back Time: 2024-12-23_06
Front Time: 2024-12-23_18
Read wrfout File 
/home/akioz/MyWRF/output/2025DJF/ME00/wrfout_d01_2024-12-23_06:00:00
/home/akioz/MyWRF/output/2025DJF/ME00/wrfout_d01_2024-12-23_12:00:00
/home/akioz/MyWRF/output/2025DJF/ME00/wrfout_d01_2024-12-23_18:00:00
Time: 2024-12-23_18
Back Time: 2024-12-23_12
Front Time: 2024-12-24_00
Read wrfout File 
/home/akioz/MyWRF/output/2025DJF/ME00/wrfout_d01_2024-12-23_12:00:00
/home/akioz/MyWRF/output/2025DJF/ME00/wrfout_d01_2024-12-23_18:00:00
/home/akioz/MyWRF/output/2025DJF/ME00/wrfout_d01_2024-12-24_00:00:00
Time: 2024-12-24_00
Back Time: 2024-12-23_18
Front Time: 2024-12-24_06
Read wrfout File 
/home/akioz/MyWRF/output/2025DJF/ME00/wrfout_d01_2024-12-23_18:00:00
/home/akioz/MyWRF/output/2025DJF/ME00/wrfout_d01_2024-12-24_00:00:00
/home/akioz/MyWRF/output/2025DJF/ME00/wrfout_d01_2024-12-24_06:00:00
Time: 2024-12-24_06
Back Time: 2024-12-24_00
Front Time: 2024-12-24_12
Read wrfout File 
/home/akioz/MyWRF/output/2025DJF/ME00/wrfout_d01_2024-12-24_00:00:00
/home/akioz/MyWRF/output/2025DJF/ME00/wrfout_d01_2024-12-24_06:00:00
/home/akioz/MyWRF/output/2025DJF/ME00/wrfout_d01_2024-12-24_12:00:00
Time: 2024-12-24_12
Back Time: 2024-12-24_06
Front Time: 2024-12-24_18
Read wrfout File 
/home/akioz/MyWRF/output/2025DJF/ME00/wrfout_d01_2024-12-24_06:00:00
/home/akioz/MyWRF/output/2025DJF/ME00/wrfout_d01_2024-12-24_12:00:00
/home/akioz/MyWRF/output/2025DJF/ME00/wrfout_d01_2024-12-24_18:00:00
Time: 2024-12-24_18
Back Time: 2024-12-24_12
Front Time: 2024-12-25_00
Read wrfout File 
/home/akioz/MyWRF/output/2025DJF/ME00/wrfout_d01_2024-12-24_12:00:00
/home/akioz/MyWRF/output/2025DJF/ME00/wrfout_d01_2024-12-24_18:00:00
/home/akioz/MyWRF/output/2025DJF/ME00/wrfout_d01_2024-12-25_00:00:00
Time: 2024-12-25_00
Back Time: 2024-12-24_18
Front Time: 2024-12-25_06
Read wrfout File 
/home/akioz/MyWRF/output/2025DJF/ME00/wrfout_d01_2024-12-24_18:00:00
/home/akioz/MyWRF/output/2025DJF/ME00/wrfout_d01_2024-12-25_00:00:00
/home/akioz/MyWRF/output/2025DJF/ME00/wrfout_d01_2024-12-25_06:00:00
Time: 2024-12-25_06
Back Time: 2024-12-25_00
Front Time: 2024-12-25_12
Read wrfout File 
/home/akioz/MyWRF/output/2025DJF/ME00/wrfout_d01_2024-12-25_00:00:00
/home/akioz/MyWRF/output/2025DJF/ME00/wrfout_d01_2024-12-25_06:00:00
/home/akioz/MyWRF/output/2025DJF/ME00/wrfout_d01_2024-12-25_12:00:00
Time: 2024-12-25_12
Back Time: 2024-12-25_06
Front Time: 2024-12-25_18
Read wrfout File 
/home/akioz/MyWRF/output/2025DJF/ME00/wrfout_d01_2024-12-25_06:00:00
/home/akioz/MyWRF/output/2025DJF/ME00/wrfout_d01_2024-12-25_12:00:00
/home/akioz/MyWRF/output/2025DJF/ME00/wrfout_d01_2024-12-25_18:00:00
Time: 2024-12-25_18
Back Time: 2024-12-25_12
Front Time: 2024-12-26_00
Read wrfout File 
/home/akioz/MyWRF/output/2025DJF/ME00/wrfout_d01_2024-12-25_12:00:00
/home/akioz/MyWRF/output/2025DJF/ME00/wrfout_d01_2024-12-25_18:00:00
/home/akioz/MyWRF/output/2025DJF/ME00/wrfout_d01_2024-12-26_00:00:00
Time: 2024-12-26_00
Back Time: 2024-12-25_18
Front Time: 2024-12-26_06
Read wrfout File 
/home/akioz/MyWRF/output/2025DJF/ME00/wrfout_d01_2024-12-25_18:00:00
/home/akioz/MyWRF/output/2025DJF/ME00/wrfout_d01_2024-12-26_00:00:00
/home/akioz/MyWRF/output/2025DJF/ME00/wrfout_d01_2024-12-26_06:00:00
Time: 2024-12-26_06
Back Time: 2024-12-26_00
Front Time: 2024-12-26_12
Read wrfout File 
/home/akioz/MyWRF/output/2025DJF/ME00/wrfout_d01_2024-12-26_00:00:00
/home/akioz/MyWRF/output/2025DJF/ME00/wrfout_d01_2024-12-26_06:00:00
/home/akioz/MyWRF/output/2025DJF/ME00/wrfout_d01_2024-12-26_12:00:00
Time: 2024-12-26_12
Back Time: 2024-12-26_06
Front Time: 2024-12-26_18
Read wrfout File 
/home/akioz/MyWRF/output/2025DJF/ME00/wrfout_d01_2024-12-26_06:00:00
/home/akioz/MyWRF/output/2025DJF/ME00/wrfout_d01_2024-12-26_12:00:00
/home/akioz/MyWRF/output/2025DJF/ME00/wrfout_d01_2024-12-26_18:00:00
Time: 2024-12-26_18
Back Time: 2024-12-26_12
Front Time: 2024-12-27_00
Read wrfout File 
/home/akioz/MyWRF/output/2025DJF/ME00/wrfout_d01_2024-12-26_12:00:00
/home/akioz/MyWRF/output/2025DJF/ME00/wrfout_d01_2024-12-26_18:00:00
/home/akioz/MyWRF/output/2025DJF/ME00/wrfout_d01_2024-12-27_00:00:00
Time: 2024-12-27_00
Back Time: 2024-12-26_18
Front Time: 2024-12-27_06
Read wrfout File 
/home/akioz/MyWRF/output/2025DJF/ME00/wrfout_d01_2024-12-26_18:00:00
/home/akioz/MyWRF/output/2025DJF/ME00/wrfout_d01_2024-12-27_00:00:00
/home/akioz/MyWRF/output/2025DJF/ME00/wrfout_d01_2024-12-27_06:00:00
Time: 2024-12-27_06
Back Time: 2024-12-27_00
Front Time: 2024-12-27_12
Read wrfout File 
/home/akioz/MyWRF/output/2025DJF/ME00/wrfout_d01_2024-12-27_00:00:00
/home/akioz/MyWRF/output/2025DJF/ME00/wrfout_d01_2024-12-27_06:00:00
/home/akioz/MyWRF/output/2025DJF/ME00/wrfout_d01_2024-12-27_12:00:00
Time: 2024-12-27_12
Back Time: 2024-12-27_06
Front Time: 2024-12-27_18
Read wrfout File 
/home/akioz/MyWRF/output/2025DJF/ME00/wrfout_d01_2024-12-27_06:00:00
/home/akioz/MyWRF/output/2025DJF/ME00/wrfout_d01_2024-12-27_12:00:00
/home/akioz/MyWRF/output/2025DJF/ME00/wrfout_d01_2024-12-27_18:00:00
Time: 2024-12-27_18
Back Time: 2024-12-27_12
Front Time: 2024-12-28_00
Read wrfout File 
/home/akioz/MyWRF/output/2025DJF/ME00/wrfout_d01_2024-12-27_12:00:00
/home/akioz/MyWRF/output/2025DJF/ME00/wrfout_d01_2024-12-27_18:00:00
/home/akioz/MyWRF/output/2025DJF/ME00/wrfout_d01_2024-12-28_00:00:00
Time: 2024-12-28_00
Back Time: 2024-12-27_18
Front Time: 2024-12-28_06
Read wrfout File 
/home/akioz/MyWRF/output/2025DJF/ME00/wrfout_d01_2024-12-27_18:00:00
/home/akioz/MyWRF/output/2025DJF/ME00/wrfout_d01_2024-12-28_00:00:00
/home/akioz/MyWRF/output/2025DJF/ME00/wrfout_d01_2024-12-28_06:00:00
Time: 2024-12-28_06
Back Time: 2024-12-28_00
Front Time: 2024-12-28_12
Read wrfout File 
/home/akioz/MyWRF/output/2025DJF/ME00/wrfout_d01_2024-12-28_00:00:00
/home/akioz/MyWRF/output/2025DJF/ME00/wrfout_d01_2024-12-28_06:00:00
2025-01-05_00
Read wrfout File 
/home/akioz/MyWRF/output/2025DJF/CTL/wrfout_d01_2025-01-04_12:00:00
/home/akioz/MyWRF/output/2025DJF/CTL/wrfout_d01_2025-01-04_18:00:00
/home/akioz/MyWRF/output/2025DJF/CTL/wrfout_d01_2025-01-05_00:00:00
Time: 2025-01-05_00
Back Time: 2025-01-04_18
Front Time: 2025-01-05_06
Read wrfout File 
/home/akioz/MyWRF/output/2025DJF/CTL/wrfout_d01_2025-01-04_18:00:00
/home/akioz/MyWRF/output/2025DJF/CTL/wrfout_d01_2025-01-05_00:00:00
/home/akioz/MyWRF/output/2025DJF/CTL/wrfout_d01_2025-01-05_06:00:00
Time: 2025-01-05_06
Back Time: 2025-01-05_00
Front Time: 2025-01-05_12
Read wrfout File 
/home/akioz/MyWRF/output/2025DJF/CTL/wrfout_d01_2025-01-05_00:00:00
/home/akioz/MyWRF/output/2025DJF/CTL/wrfout_d01_2025-01-05_06:00:00
/home/akioz/MyWRF/output/2025DJF/CTL/wrfout_d01_2025-01-05_12:00:00
Time: 2025-01-05_12
Back Time: 2025-01-05_06
Front Time: 2025-01-05_18
Read wrfout File 
/home/akioz/MyWRF/output/2025DJF/CTL/wrfout_d01_2025-01-05_06:00:00
/home/akioz/MyWRF/output/2025DJF/CTL/wrfout_d01_2025-01-05_12:00:00
/home/akioz/MyWRF/output/2025DJF/CTL/wrfout_d01_2025-01-05_18:00:00
Time: 2025-01-05_18
Back Time: 2025-01-05_12
Front Time: 2025-01-06_00
Read wrfout File 
/home/akioz/MyWRF/output/2025DJF/CTL/wrfout_d01_2025-01-05_12:00:00
/home/akioz/MyWRF/output/2025DJF/CTL/wrfout_d01_2025-01-05_18:00:00
/home/akioz/MyWRF/output/2025DJF/CTL/wrfout_d01_2025-01-06_00:00:00
Time: 2025-01-06_00
Back Time: 2025-01-05_18
Front Time: 2025-01-06_06
Read wrfout File 
/home/akioz/MyWRF/output/2025DJF/CTL/wrfout_d01_2025-01-05_18:00:00
/home/akioz/MyWRF/output/2025DJF/CTL/wrfout_d01_2025-01-06_00:00:00
/home/akioz/MyWRF/output/2025DJF/CTL/wrfout_d01_2025-01-06_06:00:00
Time: 2025-01-06_06
Back Time: 2025-01-06_00
Front Time: 2025-01-06_12
Read wrfout File 
/home/akioz/MyWRF/output/2025DJF/CTL/wrfout_d01_2025-01-06_00:00:00
/home/akioz/MyWRF/output/2025DJF/CTL/wrfout_d01_2025-01-06_06:00:00
/home/akioz/MyWRF/output/2025DJF/CTL/wrfout_d01_2025-01-06_12:00:00
Time: 2025-01-06_12
Back Time: 2025-01-06_06
Front Time: 2025-01-06_18
Read wrfout File 
/home/akioz/MyWRF/output/2025DJF/CTL/wrfout_d01_2025-01-06_06:00:00
/home/akioz/MyWRF/output/2025DJF/CTL/wrfout_d01_2025-01-06_12:00:00
/home/akioz/MyWRF/output/2025DJF/CTL/wrfout_d01_2025-01-06_18:00:00
Time: 2025-01-06_18
Back Time: 2025-01-06_12
Front Time: 2025-01-07_00
Read wrfout File 
/home/akioz/MyWRF/output/2025DJF/CTL/wrfout_d01_2025-01-06_12:00:00
/home/akioz/MyWRF/output/2025DJF/CTL/wrfout_d01_2025-01-06_18:00:00
/home/akioz/MyWRF/output/2025DJF/CTL/wrfout_d01_2025-01-07_00:00:00
Time: 2025-01-07_00
Back Time: 2025-01-06_18
Front Time: 2025-01-07_06
Read wrfout File 
/home/akioz/MyWRF/output/2025DJF/CTL/wrfout_d01_2025-01-06_18:00:00
/home/akioz/MyWRF/output/2025DJF/CTL/wrfout_d01_2025-01-07_00:00:00
/home/akioz/MyWRF/output/2025DJF/CTL/wrfout_d01_2025-01-07_06:00:00
Time: 2025-01-07_06
Back Time: 2025-01-07_00
Front Time: 2025-01-07_12
Read wrfout File 
/home/akioz/MyWRF/output/2025DJF/CTL/wrfout_d01_2025-01-07_00:00:00
/home/akioz/MyWRF/output/2025DJF/CTL/wrfout_d01_2025-01-07_06:00:00
/home/akioz/MyWRF/output/2025DJF/CTL/wrfout_d01_2025-01-07_12:00:00
Time: 2025-01-07_12
Back Time: 2025-01-07_06
Front Time: 2025-01-07_18
Read wrfout File 
/home/akioz/MyWRF/output/2025DJF/CTL/wrfout_d01_2025-01-07_06:00:00
/home/akioz/MyWRF/output/2025DJF/CTL/wrfout_d01_2025-01-07_12:00:00
/home/akioz/MyWRF/output/2025DJF/CTL/wrfout_d01_2025-01-07_18:00:00
Time: 2025-01-07_18
Back Time: 2025-01-07_12
Front Time: 2025-01-08_00
Read wrfout File 
/home/akioz/MyWRF/output/2025DJF/CTL/wrfout_d01_2025-01-07_12:00:00
/home/akioz/MyWRF/output/2025DJF/CTL/wrfout_d01_2025-01-07_18:00:00
/home/akioz/MyWRF/output/2025DJF/CTL/wrfout_d01_2025-01-08_00:00:00
Time: 2025-01-08_00
Back Time: 2025-01-07_18
Front Time: 2025-01-08_06
Read wrfout File 
/home/akioz/MyWRF/output/2025DJF/CTL/wrfout_d01_2025-01-07_18:00:00
/home/akioz/MyWRF/output/2025DJF/CTL/wrfout_d01_2025-01-08_00:00:00
/home/akioz/MyWRF/output/2025DJF/CTL/wrfout_d01_2025-01-08_06:00:00
Time: 2025-01-08_06
Back Time: 2025-01-08_00
Front Time: 2025-01-08_12
Read wrfout File 
/home/akioz/MyWRF/output/2025DJF/CTL/wrfout_d01_2025-01-08_00:00:00
/home/akioz/MyWRF/output/2025DJF/CTL/wrfout_d01_2025-01-08_06:00:00
/home/akioz/MyWRF/output/2025DJF/CTL/wrfout_d01_2025-01-08_12:00:00
Time: 2025-01-08_12
Back Time: 2025-01-08_06
Front Time: 2025-01-08_18
Read wrfout File 
/home/akioz/MyWRF/output/2025DJF/CTL/wrfout_d01_2025-01-08_06:00:00
/home/akioz/MyWRF/output/2025DJF/CTL/wrfout_d01_2025-01-08_12:00:00
/home/akioz/MyWRF/output/2025DJF/CTL/wrfout_d01_2025-01-08_18:00:00
Time: 2025-01-08_18
Back Time: 2025-01-08_12
Front Time: 2025-01-09_00
Read wrfout File 
/home/akioz/MyWRF/output/2025DJF/CTL/wrfout_d01_2025-01-08_12:00:00
/home/akioz/MyWRF/output/2025DJF/CTL/wrfout_d01_2025-01-08_18:00:00
/home/akioz/MyWRF/output/2025DJF/CTL/wrfout_d01_2025-01-09_00:00:00
Time: 2025-01-09_00
Back Time: 2025-01-08_18
Front Time: 2025-01-09_06
Read wrfout File 
/home/akioz/MyWRF/output/2025DJF/CTL/wrfout_d01_2025-01-08_18:00:00
/home/akioz/MyWRF/output/2025DJF/CTL/wrfout_d01_2025-01-09_00:00:00
/home/akioz/MyWRF/output/2025DJF/CTL/wrfout_d01_2025-01-09_06:00:00
Time: 2025-01-09_06
Back Time: 2025-01-09_00
Front Time: 2025-01-09_12
Read wrfout File 
/home/akioz/MyWRF/output/2025DJF/CTL/wrfout_d01_2025-01-09_00:00:00
/home/akioz/MyWRF/output/2025DJF/CTL/wrfout_d01_2025-01-09_06:00:00
/home/akioz/MyWRF/output/2025DJF/CTL/wrfout_d01_2025-01-09_12:00:00
Time: 2025-01-09_12
Back Time: 2025-01-09_06
Front Time: 2025-01-09_18
Read wrfout File 
/home/akioz/MyWRF/output/2025DJF/CTL/wrfout_d01_2025-01-09_06:00:00
/home/akioz/MyWRF/output/2025DJF/CTL/wrfout_d01_2025-01-09_12:00:00
/home/akioz/MyWRF/output/2025DJF/CTL/wrfout_d01_2025-01-09_18:00:00
Time: 2025-01-09_18
Back Time: 2025-01-09_12
Front Time: 2025-01-10_00
Read wrfout File 
/home/akioz/MyWRF/output/2025DJF/CTL/wrfout_d01_2025-01-09_12:00:00
/home/akioz/MyWRF/output/2025DJF/CTL/wrfout_d01_2025-01-09_18:00:00
/home/akioz/MyWRF/output/2025DJF/CTL/wrfout_d01_2025-01-10_00:00:00
Time: 2025-01-10_00
Back Time: 2025-01-09_18
Front Time: 2025-01-10_06
Read wrfout File 
/home/akioz/MyWRF/output/2025DJF/CTL/wrfout_d01_2025-01-09_18:00:00
/home/akioz/MyWRF/output/2025DJF/CTL/wrfout_d01_2025-01-10_00:00:00
/home/akioz/MyWRF/output/2025DJF/CTL/wrfout_d01_2025-01-10_06:00:00
Time: 2025-01-10_06
Back Time: 2025-01-10_00
Front Time: 2025-01-10_12
Read wrfout File 
/home/akioz/MyWRF/output/2025DJF/CTL/wrfout_d01_2025-01-10_00:00:00
/home/akioz/MyWRF/output/2025DJF/CTL/wrfout_d01_2025-01-10_06:00:00
/home/akioz/MyWRF/output/2025DJF/CTL/wrfout_d01_2025-01-10_12:00:00
Time: 2025-01-10_12
Back Time: 2025-01-10_06
Front Time: 2025-01-10_18
Read wrfout File 
/home/akioz/MyWRF/output/2025DJF/CTL/wrfout_d01_2025-01-10_06:00:00
/home/akioz/MyWRF/output/2025DJF/CTL/wrfout_d01_2025-01-10_12:00:00
/home/akioz/MyWRF/output/2025DJF/CTL/wrfout_d01_2025-01-10_18:00:00
Time: 2025-01-10_18
Back Time: 2025-01-10_12
Front Time: 2025-01-11_00
Read wrfout File 
/home/akioz/MyWRF/output/2025DJF/CTL/wrfout_d01_2025-01-10_12:00:00
/home/akioz/MyWRF/output/2025DJF/CTL/wrfout_d01_2025-01-10_18:00:00
/home/akioz/MyWRF/output/2025DJF/CTL/wrfout_d01_2025-01-11_00:00:00
Time: 2025-01-11_00
Back Time: 2025-01-10_18
Front Time: 2025-01-11_06
Read wrfout File 
/home/akioz/MyWRF/output/2025DJF/CTL/wrfout_d01_2025-01-10_18:00:00
/home/akioz/MyWRF/output/2025DJF/CTL/wrfout_d01_2025-01-11_00:00:00
/home/akioz/MyWRF/output/2025DJF/CTL/wrfout_d01_2025-01-11_06:00:00
Time: 2025-01-11_06
Back Time: 2025-01-11_00
Front Time: 2025-01-11_12
Read wrfout File 
/home/akioz/MyWRF/output/2025DJF/CTL/wrfout_d01_2025-01-11_00:00:00
/home/akioz/MyWRF/output/2025DJF/CTL/wrfout_d01_2025-01-11_06:00:00
/home/akioz/MyWRF/output/2025DJF/CTL/wrfout_d01_2025-01-11_12:00:00
Time: 2025-01-11_12
Back Time: 2025-01-11_06
Front Time: 2025-01-11_18
Read wrfout File 
/home/akioz/MyWRF/output/2025DJF/CTL/wrfout_d01_2025-01-11_06:00:00
/home/akioz/MyWRF/output/2025DJF/CTL/wrfout_d01_2025-01-11_12:00:00
/home/akioz/MyWRF/output/2025DJF/CTL/wrfout_d01_2025-01-11_18:00:00
Time: 2025-01-11_18
Back Time: 2025-01-11_12
/home/akioz/MyWRF/output/2025DJF/ME00/wrfout_d01_2024-12-28_12:00:00
Time: 2024-12-28_12
Back Time: 2024-12-28_06
Front Time: 2024-12-28_18
Read wrfout File 
/home/akioz/MyWRF/output/2025DJF/ME00/wrfout_d01_2024-12-28_06:00:00
/home/akioz/MyWRF/output/2025DJF/ME00/wrfout_d01_2024-12-28_12:00:00
/home/akioz/MyWRF/output/2025DJF/ME00/wrfout_d01_2024-12-28_18:00:00
Time: 2024-12-28_18
Back Time: 2024-12-28_12
Front Time: 2024-12-29_00
Read wrfout File 
/home/akioz/MyWRF/output/2025DJF/ME00/wrfout_d01_2024-12-28_12:00:00
/home/akioz/MyWRF/output/2025DJF/ME00/wrfout_d01_2024-12-28_18:00:00
/home/akioz/MyWRF/output/2025DJF/ME00/wrfout_d01_2024-12-29_00:00:00
Time: 2024-12-29_00
Back Time: 2024-12-28_18
Front Time: 2024-12-29_06
Read wrfout File 
/home/akioz/MyWRF/output/2025DJF/ME00/wrfout_d01_2024-12-28_18:00:00
/home/akioz/MyWRF/output/2025DJF/ME00/wrfout_d01_2024-12-29_00:00:00
/home/akioz/MyWRF/output/2025DJF/ME00/wrfout_d01_2024-12-29_06:00:00
Time: 2024-12-29_06
Back Time: 2024-12-29_00
Front Time: 2024-12-29_12
Read wrfout File 
/home/akioz/MyWRF/output/2025DJF/ME00/wrfout_d01_2024-12-29_00:00:00
/home/akioz/MyWRF/output/2025DJF/ME00/wrfout_d01_2024-12-29_06:00:00
/home/akioz/MyWRF/output/2025DJF/ME00/wrfout_d01_2024-12-29_12:00:00
Time: 2024-12-29_12
Back Time: 2024-12-29_06
Front Time: 2024-12-29_18
Read wrfout File 
/home/akioz/MyWRF/output/2025DJF/ME00/wrfout_d01_2024-12-29_06:00:00
/home/akioz/MyWRF/output/2025DJF/ME00/wrfout_d01_2024-12-29_12:00:00
/home/akioz/MyWRF/output/2025DJF/ME00/wrfout_d01_2024-12-29_18:00:00
Time: 2024-12-29_18
Back Time: 2024-12-29_12
Front Time: 2024-12-30_00
Read wrfout File 
/home/akioz/MyWRF/output/2025DJF/ME00/wrfout_d01_2024-12-29_12:00:00
/home/akioz/MyWRF/output/2025DJF/ME00/wrfout_d01_2024-12-29_18:00:00
/home/akioz/MyWRF/output/2025DJF/ME00/wrfout_d01_2024-12-30_00:00:00
Time: 2024-12-30_00
Back Time: 2024-12-29_18
Front Time: 2024-12-30_06
Read wrfout File 
/home/akioz/MyWRF/output/2025DJF/ME00/wrfout_d01_2024-12-29_18:00:00
/home/akioz/MyWRF/output/2025DJF/ME00/wrfout_d01_2024-12-30_00:00:00
/home/akioz/MyWRF/output/2025DJF/ME00/wrfout_d01_2024-12-30_06:00:00
Time: 2024-12-30_06
Back Time: 2024-12-30_00
Front Time: 2024-12-30_12
Read wrfout File 
/home/akioz/MyWRF/output/2025DJF/ME00/wrfout_d01_2024-12-30_00:00:00
/home/akioz/MyWRF/output/2025DJF/ME00/wrfout_d01_2024-12-30_06:00:00
/home/akioz/MyWRF/output/2025DJF/ME00/wrfout_d01_2024-12-30_12:00:00
Time: 2024-12-30_12
Back Time: 2024-12-30_06
Front Time: 2024-12-30_18
Read wrfout File 
/home/akioz/MyWRF/output/2025DJF/ME00/wrfout_d01_2024-12-30_06:00:00
/home/akioz/MyWRF/output/2025DJF/ME00/wrfout_d01_2024-12-30_12:00:00
/home/akioz/MyWRF/output/2025DJF/ME00/wrfout_d01_2024-12-30_18:00:00
Time: 2024-12-30_18
Back Time: 2024-12-30_12
Front Time: 2024-12-31_00
Read wrfout File 
/home/akioz/MyWRF/output/2025DJF/ME00/wrfout_d01_2024-12-30_12:00:00
/home/akioz/MyWRF/output/2025DJF/ME00/wrfout_d01_2024-12-30_18:00:00
/home/akioz/MyWRF/output/2025DJF/ME00/wrfout_d01_2024-12-31_00:00:00
Time: 2024-12-31_00
Back Time: 2024-12-30_18
Front Time: 2024-12-31_06
Read wrfout File 
/home/akioz/MyWRF/output/2025DJF/ME00/wrfout_d01_2024-12-30_18:00:00
/home/akioz/MyWRF/output/2025DJF/ME00/wrfout_d01_2024-12-31_00:00:00
/home/akioz/MyWRF/output/2025DJF/ME00/wrfout_d01_2024-12-31_06:00:00
Time: 2024-12-31_06
Back Time: 2024-12-31_00
Front Time: 2024-12-31_12
Read wrfout File 
/home/akioz/MyWRF/output/2025DJF/ME00/wrfout_d01_2024-12-31_00:00:00
/home/akioz/MyWRF/output/2025DJF/ME00/wrfout_d01_2024-12-31_06:00:00
/home/akioz/MyWRF/output/2025DJF/ME00/wrfout_d01_2024-12-31_12:00:00
Time: 2024-12-31_12
Back Time: 2024-12-31_06
Front Time: 2024-12-31_18
Read wrfout File 
/home/akioz/MyWRF/output/2025DJF/ME00/wrfout_d01_2024-12-31_06:00:00
/home/akioz/MyWRF/output/2025DJF/ME00/wrfout_d01_2024-12-31_12:00:00
/home/akioz/MyWRF/output/2025DJF/ME00/wrfout_d01_2024-12-31_18:00:00
Time: 2024-12-31_18
Back Time: 2024-12-31_12
Front Time: 2025-01-01_00
Read wrfout File 
/home/akioz/MyWRF/output/2025DJF/ME00/wrfout_d01_2024-12-31_12:00:00
/home/akioz/MyWRF/output/2025DJF/ME00/wrfout_d01_2024-12-31_18:00:00
/home/akioz/MyWRF/output/2025DJF/ME00/wrfout_d01_2025-01-01_00:00:00
Time: 2025-01-01_00
Back Time: 2024-12-31_18
Front Time: 2025-01-01_06
Read wrfout File 
/home/akioz/MyWRF/output/2025DJF/ME00/wrfout_d01_2024-12-31_18:00:00
/home/akioz/MyWRF/output/2025DJF/ME00/wrfout_d01_2025-01-01_00:00:00
/home/akioz/MyWRF/output/2025DJF/ME00/wrfout_d01_2025-01-01_06:00:00
Time: 2025-01-01_06
Back Time: 2025-01-01_00
Front Time: 2025-01-01_12
Read wrfout File 
/home/akioz/MyWRF/output/2025DJF/ME00/wrfout_d01_2025-01-01_00:00:00
/home/akioz/MyWRF/output/2025DJF/ME00/wrfout_d01_2025-01-01_06:00:00
/home/akioz/MyWRF/output/2025DJF/ME00/wrfout_d01_2025-01-01_12:00:00
Time: 2025-01-01_12
Back Time: 2025-01-01_06
Front Time: 2025-01-01_18
Read wrfout File 
/home/akioz/MyWRF/output/2025DJF/ME00/wrfout_d01_2025-01-01_06:00:00
/home/akioz/MyWRF/output/2025DJF/ME00/wrfout_d01_2025-01-01_12:00:00
/home/akioz/MyWRF/output/2025DJF/ME00/wrfout_d01_2025-01-01_18:00:00
Time: 2025-01-01_18
Back Time: 2025-01-01_12
Front Time: 2025-01-02_00
Read wrfout File 
/home/akioz/MyWRF/output/2025DJF/ME00/wrfout_d01_2025-01-01_12:00:00
/home/akioz/MyWRF/output/2025DJF/ME00/wrfout_d01_2025-01-01_18:00:00
/home/akioz/MyWRF/output/2025DJF/ME00/wrfout_d01_2025-01-02_00:00:00
Time: 2025-01-02_00
Back Time: 2025-01-01_18
Front Time: 2025-01-02_06
Read wrfout File 
/home/akioz/MyWRF/output/2025DJF/ME00/wrfout_d01_2025-01-01_18:00:00
/home/akioz/MyWRF/output/2025DJF/ME00/wrfout_d01_2025-01-02_00:00:00
/home/akioz/MyWRF/output/2025DJF/ME00/wrfout_d01_2025-01-02_06:00:00
Time: 2025-01-02_06
Back Time: 2025-01-02_00
Front Time: 2025-01-02_12
Read wrfout File 
/home/akioz/MyWRF/output/2025DJF/ME00/wrfout_d01_2025-01-02_00:00:00
/home/akioz/MyWRF/output/2025DJF/ME00/wrfout_d01_2025-01-02_06:00:00
/home/akioz/MyWRF/output/2025DJF/ME00/wrfout_d01_2025-01-02_12:00:00
Time: 2025-01-02_12
Back Time: 2025-01-02_06
Front Time: 2025-01-02_18
Read wrfout File 
/home/akioz/MyWRF/output/2025DJF/ME00/wrfout_d01_2025-01-02_06:00:00
/home/akioz/MyWRF/output/2025DJF/ME00/wrfout_d01_2025-01-02_12:00:00
/home/akioz/MyWRF/output/2025DJF/ME00/wrfout_d01_2025-01-02_18:00:00
Time: 2025-01-02_18
Back Time: 2025-01-02_12
Front Time: 2025-01-03_00
Read wrfout File 
/home/akioz/MyWRF/output/2025DJF/ME00/wrfout_d01_2025-01-02_12:00:00
/home/akioz/MyWRF/output/2025DJF/ME00/wrfout_d01_2025-01-02_18:00:00
/home/akioz/MyWRF/output/2025DJF/ME00/wrfout_d01_2025-01-03_00:00:00
Time: 2025-01-03_00
Back Time: 2025-01-02_18
Front Time: 2025-01-03_06
Read wrfout File 
/home/akioz/MyWRF/output/2025DJF/ME00/wrfout_d01_2025-01-02_18:00:00
/home/akioz/MyWRF/output/2025DJF/ME00/wrfout_d01_2025-01-03_00:00:00
/home/akioz/MyWRF/output/2025DJF/ME00/wrfout_d01_2025-01-03_06:00:00
Time: 2025-01-03_06
Back Time: 2025-01-03_00
Front Time: 2025-01-03_12
Read wrfout File 
/home/akioz/MyWRF/output/2025DJF/ME00/wrfout_d01_2025-01-03_00:00:00
/home/akioz/MyWRF/output/2025DJF/ME00/wrfout_d01_2025-01-03_06:00:00
/home/akioz/MyWRF/output/2025DJF/ME00/wrfout_d01_2025-01-03_12:00:00
Time: 2025-01-03_12
Back Time: 2025-01-03_06
Front Time: 2025-01-03_18
Read wrfout File 
/home/akioz/MyWRF/output/2025DJF/ME00/wrfout_d01_2025-01-03_06:00:00
/home/akioz/MyWRF/output/2025DJF/ME00/wrfout_d01_2025-01-03_12:00:00
/home/akioz/MyWRF/output/2025DJF/ME00/wrfout_d01_2025-01-03_18:00:00
Time: 2025-01-03_18
Back Time: 2025-01-03_12
Front Time: 2025-01-04_00
Read wrfout File 
/home/akioz/MyWRF/output/2025DJF/ME00/wrfout_d01_2025-01-03_12:00:00
/home/akioz/MyWRF/output/2025DJF/ME00/wrfout_d01_2025-01-03_18:00:00
/home/akioz/MyWRF/output/2025DJF/ME00/wrfout_d01_2025-01-04_00:00:00
Time: 2025-01-04_00
Back Time: 2025-01-03_18
Front Time: 2025-01-04_06
Read wrfout File 
/home/akioz/MyWRF/output/2025DJF/ME00/wrfout_d01_2025-01-03_18:00:00
/home/akioz/MyWRF/output/2025DJF/ME00/wrfout_d01_2025-01-04_00:00:00
/home/akioz/MyWRF/output/2025DJF/ME00/wrfout_d01_2025-01-04_06:00:00
Time: 2025-01-04_06
Back Time: 2025-01-04_00
Front Time: 2025-01-04_12
Read wrfout File 
Front Time: 2025-01-12_00
Read wrfout File 
/home/akioz/MyWRF/output/2025DJF/CTL/wrfout_d01_2025-01-11_12:00:00
/home/akioz/MyWRF/output/2025DJF/CTL/wrfout_d01_2025-01-11_18:00:00
/home/akioz/MyWRF/output/2025DJF/CTL/wrfout_d01_2025-01-12_00:00:00
Time: 2025-01-12_00
Back Time: 2025-01-11_18
Front Time: 2025-01-12_06
Read wrfout File 
/home/akioz/MyWRF/output/2025DJF/CTL/wrfout_d01_2025-01-11_18:00:00
/home/akioz/MyWRF/output/2025DJF/CTL/wrfout_d01_2025-01-12_00:00:00
/home/akioz/MyWRF/output/2025DJF/CTL/wrfout_d01_2025-01-12_06:00:00
Time: 2025-01-12_06
Back Time: 2025-01-12_00
Front Time: 2025-01-12_12
Read wrfout File 
/home/akioz/MyWRF/output/2025DJF/CTL/wrfout_d01_2025-01-12_00:00:00
/home/akioz/MyWRF/output/2025DJF/CTL/wrfout_d01_2025-01-12_06:00:00
/home/akioz/MyWRF/output/2025DJF/CTL/wrfout_d01_2025-01-12_12:00:00
Time: 2025-01-12_12
Back Time: 2025-01-12_06
Front Time: 2025-01-12_18
Read wrfout File 
/home/akioz/MyWRF/output/2025DJF/CTL/wrfout_d01_2025-01-12_06:00:00
/home/akioz/MyWRF/output/2025DJF/CTL/wrfout_d01_2025-01-12_12:00:00
/home/akioz/MyWRF/output/2025DJF/CTL/wrfout_d01_2025-01-12_18:00:00
Time: 2025-01-12_18
Back Time: 2025-01-12_12
Front Time: 2025-01-13_00
Read wrfout File 
/home/akioz/MyWRF/output/2025DJF/CTL/wrfout_d01_2025-01-12_12:00:00
/home/akioz/MyWRF/output/2025DJF/CTL/wrfout_d01_2025-01-12_18:00:00
/home/akioz/MyWRF/output/2025DJF/CTL/wrfout_d01_2025-01-13_00:00:00
Time: 2025-01-13_00
Back Time: 2025-01-12_18
Front Time: 2025-01-13_06
Read wrfout File 
/home/akioz/MyWRF/output/2025DJF/CTL/wrfout_d01_2025-01-12_18:00:00
/home/akioz/MyWRF/output/2025DJF/CTL/wrfout_d01_2025-01-13_00:00:00
/home/akioz/MyWRF/output/2025DJF/CTL/wrfout_d01_2025-01-13_06:00:00
Time: 2025-01-13_06
Back Time: 2025-01-13_00
Front Time: 2025-01-13_12
Read wrfout File 
/home/akioz/MyWRF/output/2025DJF/CTL/wrfout_d01_2025-01-13_00:00:00
/home/akioz/MyWRF/output/2025DJF/CTL/wrfout_d01_2025-01-13_06:00:00
/home/akioz/MyWRF/output/2025DJF/CTL/wrfout_d01_2025-01-13_12:00:00
Time: 2025-01-13_12
Back Time: 2025-01-13_06
Front Time: 2025-01-13_18
Read wrfout File 
/home/akioz/MyWRF/output/2025DJF/CTL/wrfout_d01_2025-01-13_06:00:00
/home/akioz/MyWRF/output/2025DJF/CTL/wrfout_d01_2025-01-13_12:00:00
/home/akioz/MyWRF/output/2025DJF/CTL/wrfout_d01_2025-01-13_18:00:00
Time: 2025-01-13_18
Back Time: 2025-01-13_12
Front Time: 2025-01-14_00
Read wrfout File 
/home/akioz/MyWRF/output/2025DJF/CTL/wrfout_d01_2025-01-13_12:00:00
/home/akioz/MyWRF/output/2025DJF/CTL/wrfout_d01_2025-01-13_18:00:00
/home/akioz/MyWRF/output/2025DJF/CTL/wrfout_d01_2025-01-14_00:00:00
Time: 2025-01-14_00
Back Time: 2025-01-13_18
Front Time: 2025-01-14_06
Read wrfout File 
/home/akioz/MyWRF/output/2025DJF/CTL/wrfout_d01_2025-01-13_18:00:00
/home/akioz/MyWRF/output/2025DJF/CTL/wrfout_d01_2025-01-14_00:00:00
/home/akioz/MyWRF/output/2025DJF/CTL/wrfout_d01_2025-01-14_06:00:00
Time: 2025-01-14_06
Back Time: 2025-01-14_00
Front Time: 2025-01-14_12
Read wrfout File 
/home/akioz/MyWRF/output/2025DJF/CTL/wrfout_d01_2025-01-14_00:00:00
/home/akioz/MyWRF/output/2025DJF/CTL/wrfout_d01_2025-01-14_06:00:00
/home/akioz/MyWRF/output/2025DJF/CTL/wrfout_d01_2025-01-14_12:00:00
Time: 2025-01-14_12
Back Time: 2025-01-14_06
Front Time: 2025-01-14_18
Read wrfout File 
/home/akioz/MyWRF/output/2025DJF/CTL/wrfout_d01_2025-01-14_06:00:00
/home/akioz/MyWRF/output/2025DJF/CTL/wrfout_d01_2025-01-14_12:00:00
/home/akioz/MyWRF/output/2025DJF/CTL/wrfout_d01_2025-01-14_18:00:00
Time: 2025-01-14_18
Back Time: 2025-01-14_12
Front Time: 2025-01-15_00
Read wrfout File 
/home/akioz/MyWRF/output/2025DJF/CTL/wrfout_d01_2025-01-14_12:00:00
/home/akioz/MyWRF/output/2025DJF/CTL/wrfout_d01_2025-01-14_18:00:00
/home/akioz/MyWRF/output/2025DJF/CTL/wrfout_d01_2025-01-15_00:00:00
Time: 2025-01-15_00
Back Time: 2025-01-14_18
Front Time: 2025-01-15_06
Read wrfout File 
/home/akioz/MyWRF/output/2025DJF/CTL/wrfout_d01_2025-01-14_18:00:00
/home/akioz/MyWRF/output/2025DJF/CTL/wrfout_d01_2025-01-15_00:00:00
/home/akioz/MyWRF/output/2025DJF/CTL/wrfout_d01_2025-01-15_06:00:00
Time: 2025-01-15_06
Back Time: 2025-01-15_00
Front Time: 2025-01-15_12
Read wrfout File 
/home/akioz/MyWRF/output/2025DJF/CTL/wrfout_d01_2025-01-15_00:00:00
/home/akioz/MyWRF/output/2025DJF/CTL/wrfout_d01_2025-01-15_06:00:00
/home/akioz/MyWRF/output/2025DJF/CTL/wrfout_d01_2025-01-15_12:00:00
Time: 2025-01-15_12
Back Time: 2025-01-15_06
Front Time: 2025-01-15_18
Read wrfout File 
/home/akioz/MyWRF/output/2025DJF/CTL/wrfout_d01_2025-01-15_06:00:00
/home/akioz/MyWRF/output/2025DJF/CTL/wrfout_d01_2025-01-15_12:00:00
/home/akioz/MyWRF/output/2025DJF/CTL/wrfout_d01_2025-01-15_18:00:00
Time: 2025-01-15_18
Back Time: 2025-01-15_12
Front Time: 2025-01-16_00
Read wrfout File 
/home/akioz/MyWRF/output/2025DJF/CTL/wrfout_d01_2025-01-15_12:00:00
/home/akioz/MyWRF/output/2025DJF/CTL/wrfout_d01_2025-01-15_18:00:00
/home/akioz/MyWRF/output/2025DJF/CTL/wrfout_d01_2025-01-16_00:00:00
Time: 2025-01-16_00
Back Time: 2025-01-15_18
Front Time: 2025-01-16_06
Read wrfout File 
/home/akioz/MyWRF/output/2025DJF/CTL/wrfout_d01_2025-01-15_18:00:00
/home/akioz/MyWRF/output/2025DJF/CTL/wrfout_d01_2025-01-16_00:00:00
/home/akioz/MyWRF/output/2025DJF/CTL/wrfout_d01_2025-01-16_06:00:00
Time: 2025-01-16_06
Back Time: 2025-01-16_00
Front Time: 2025-01-16_12
Read wrfout File 
/home/akioz/MyWRF/output/2025DJF/CTL/wrfout_d01_2025-01-16_00:00:00
/home/akioz/MyWRF/output/2025DJF/CTL/wrfout_d01_2025-01-16_06:00:00
/home/akioz/MyWRF/output/2025DJF/CTL/wrfout_d01_2025-01-16_12:00:00
Time: 2025-01-16_12
Back Time: 2025-01-16_06
Front Time: 2025-01-16_18
Read wrfout File 
/home/akioz/MyWRF/output/2025DJF/CTL/wrfout_d01_2025-01-16_06:00:00
/home/akioz/MyWRF/output/2025DJF/CTL/wrfout_d01_2025-01-16_12:00:00
/home/akioz/MyWRF/output/2025DJF/CTL/wrfout_d01_2025-01-16_18:00:00
Time: 2025-01-16_18
Back Time: 2025-01-16_12
Front Time: 2025-01-17_00
Read wrfout File 
/home/akioz/MyWRF/output/2025DJF/CTL/wrfout_d01_2025-01-16_12:00:00
/home/akioz/MyWRF/output/2025DJF/CTL/wrfout_d01_2025-01-16_18:00:00
/home/akioz/MyWRF/output/2025DJF/CTL/wrfout_d01_2025-01-17_00:00:00
Time: 2025-01-17_00
Back Time: 2025-01-16_18
Front Time: 2025-01-17_06
Read wrfout File 
/home/akioz/MyWRF/output/2025DJF/CTL/wrfout_d01_2025-01-16_18:00:00
/home/akioz/MyWRF/output/2025DJF/CTL/wrfout_d01_2025-01-17_00:00:00
/home/akioz/MyWRF/output/2025DJF/CTL/wrfout_d01_2025-01-17_06:00:00
Time: 2025-01-17_06
Back Time: 2025-01-17_00
Front Time: 2025-01-17_12
Read wrfout File 
/home/akioz/MyWRF/output/2025DJF/CTL/wrfout_d01_2025-01-17_00:00:00
/home/akioz/MyWRF/output/2025DJF/CTL/wrfout_d01_2025-01-17_06:00:00
/home/akioz/MyWRF/output/2025DJF/CTL/wrfout_d01_2025-01-17_12:00:00
Time: 2025-01-17_12
Back Time: 2025-01-17_06
Front Time: 2025-01-17_18
Read wrfout File 
/home/akioz/MyWRF/output/2025DJF/CTL/wrfout_d01_2025-01-17_06:00:00
/home/akioz/MyWRF/output/2025DJF/CTL/wrfout_d01_2025-01-17_12:00:00
/home/akioz/MyWRF/output/2025DJF/CTL/wrfout_d01_2025-01-17_18:00:00
Time: 2025-01-17_18
Back Time: 2025-01-17_12
Front Time: 2025-01-18_00
Read wrfout File 
/home/akioz/MyWRF/output/2025DJF/CTL/wrfout_d01_2025-01-17_12:00:00
/home/akioz/MyWRF/output/2025DJF/CTL/wrfout_d01_2025-01-17_18:00:00
/home/akioz/MyWRF/output/2025DJF/CTL/wrfout_d01_2025-01-18_00:00:00
Time: 2025-01-18_00
Back Time: 2025-01-17_18
Front Time: 2025-01-18_06
Read wrfout File 
/home/akioz/MyWRF/output/2025DJF/CTL/wrfout_d01_2025-01-17_18:00:00
/home/akioz/MyWRF/output/2025DJF/CTL/wrfout_d01_2025-01-18_00:00:00
/home/akioz/MyWRF/output/2025DJF/CTL/wrfout_d01_2025-01-18_06:00:00
Time: 2025-01-18_06
Back Time: 2025-01-18_00
Front Time: 2025-01-18_12
Read wrfout File 
/home/akioz/MyWRF/output/2025DJF/CTL/wrfout_d01_2025-01-18_00:00:00
/home/akioz/MyWRF/output/2025DJF/CTL/wrfout_d01_2025-01-18_06:00:00
/home/akioz/MyWRF/output/2025DJF/CTL/wrfout_d01_2025-01-18_12:00:00
Time: 2025-01-18_12
Back Time: 2025-01-18_06
Front Time: 2025-01-18_18
Read wrfout File 
/home/akioz/MyWRF/output/2025DJF/CTL/wrfout_d01_2025-01-18_06:00:00
/home/akioz/MyWRF/output/2025DJF/CTL/wrfout_d01_2025-01-18_12:00:00
/home/akioz/MyWRF/output/2025DJF/CTL/wrfout_d01_2025-01-18_18:00:00
Time: 2025-01-18_18
Back Time: /home/akioz/MyWRF/output/2025DJF/ME00/wrfout_d01_2025-01-04_00:00:00
/home/akioz/MyWRF/output/2025DJF/ME00/wrfout_d01_2025-01-04_06:00:00
/home/akioz/MyWRF/output/2025DJF/ME00/wrfout_d01_2025-01-04_12:00:00
Time: 2025-01-04_12
Back Time: 2025-01-04_06
Front Time: 2025-01-04_18
Read wrfout File 
/home/akioz/MyWRF/output/2025DJF/ME00/wrfout_d01_2025-01-04_06:00:00
/home/akioz/MyWRF/output/2025DJF/ME00/wrfout_d01_2025-01-04_12:00:00
/home/akioz/MyWRF/output/2025DJF/ME00/wrfout_d01_2025-01-04_18:00:00
Time: 2025-01-04_18
Back Time: 2025-01-04_12
Front Time: 2025-01-05_00
Read wrfout File 
/home/akioz/MyWRF/output/2025DJF/ME00/wrfout_d01_2025-01-04_12:00:00
/home/akioz/MyWRF/output/2025DJF/ME00/wrfout_d01_2025-01-04_18:00:00
/home/akioz/MyWRF/output/2025DJF/ME00/wrfout_d01_2025-01-05_00:00:00
Time: 2025-01-05_00
Back Time: 2025-01-04_18
Front Time: 2025-01-05_06
Read wrfout File 
/home/akioz/MyWRF/output/2025DJF/ME00/wrfout_d01_2025-01-04_18:00:00
/home/akioz/MyWRF/output/2025DJF/ME00/wrfout_d01_2025-01-05_00:00:00
/home/akioz/MyWRF/output/2025DJF/ME00/wrfout_d01_2025-01-05_06:00:00
Time: 2025-01-05_06
Back Time: 2025-01-05_00
Front Time: 2025-01-05_12
Read wrfout File 
/home/akioz/MyWRF/output/2025DJF/ME00/wrfout_d01_2025-01-05_00:00:00
/home/akioz/MyWRF/output/2025DJF/ME00/wrfout_d01_2025-01-05_06:00:00
/home/akioz/MyWRF/output/2025DJF/ME00/wrfout_d01_2025-01-05_12:00:00
Time: 2025-01-05_12
Back Time: 2025-01-05_06
Front Time: 2025-01-05_18
Read wrfout File 
/home/akioz/MyWRF/output/2025DJF/ME00/wrfout_d01_2025-01-05_06:00:00
/home/akioz/MyWRF/output/2025DJF/ME00/wrfout_d01_2025-01-05_12:00:00
/home/akioz/MyWRF/output/2025DJF/ME00/wrfout_d01_2025-01-05_18:00:00
Time: 2025-01-05_18
Back Time: 2025-01-05_12
Front Time: 2025-01-06_00
Read wrfout File 
/home/akioz/MyWRF/output/2025DJF/ME00/wrfout_d01_2025-01-05_12:00:00
/home/akioz/MyWRF/output/2025DJF/ME00/wrfout_d01_2025-01-05_18:00:00
/home/akioz/MyWRF/output/2025DJF/ME00/wrfout_d01_2025-01-06_00:00:00
Time: 2025-01-06_00
Back Time: 2025-01-05_18
Front Time: 2025-01-06_06
Read wrfout File 
/home/akioz/MyWRF/output/2025DJF/ME00/wrfout_d01_2025-01-05_18:00:00
/home/akioz/MyWRF/output/2025DJF/ME00/wrfout_d01_2025-01-06_00:00:00
/home/akioz/MyWRF/output/2025DJF/ME00/wrfout_d01_2025-01-06_06:00:00
Time: 2025-01-06_06
Back Time: 2025-01-06_00
Front Time: 2025-01-06_12
Read wrfout File 
/home/akioz/MyWRF/output/2025DJF/ME00/wrfout_d01_2025-01-06_00:00:00
/home/akioz/MyWRF/output/2025DJF/ME00/wrfout_d01_2025-01-06_06:00:00
/home/akioz/MyWRF/output/2025DJF/ME00/wrfout_d01_2025-01-06_12:00:00
Time: 2025-01-06_12
Back Time: 2025-01-06_06
Front Time: 2025-01-06_18
Read wrfout File 
/home/akioz/MyWRF/output/2025DJF/ME00/wrfout_d01_2025-01-06_06:00:00
/home/akioz/MyWRF/output/2025DJF/ME00/wrfout_d01_2025-01-06_12:00:00
/home/akioz/MyWRF/output/2025DJF/ME00/wrfout_d01_2025-01-06_18:00:00
Time: 2025-01-06_18
Back Time: 2025-01-06_12
Front Time: 2025-01-07_00
Read wrfout File 
/home/akioz/MyWRF/output/2025DJF/ME00/wrfout_d01_2025-01-06_12:00:00
/home/akioz/MyWRF/output/2025DJF/ME00/wrfout_d01_2025-01-06_18:00:00
/home/akioz/MyWRF/output/2025DJF/ME00/wrfout_d01_2025-01-07_00:00:00
Time: 2025-01-07_00
Back Time: 2025-01-06_18
Front Time: 2025-01-07_06
Read wrfout File 
/home/akioz/MyWRF/output/2025DJF/ME00/wrfout_d01_2025-01-06_18:00:00
/home/akioz/MyWRF/output/2025DJF/ME00/wrfout_d01_2025-01-07_00:00:00
/home/akioz/MyWRF/output/2025DJF/ME00/wrfout_d01_2025-01-07_06:00:00
Time: 2025-01-07_06
Back Time: 2025-01-07_00
Front Time: 2025-01-07_12
Read wrfout File 
/home/akioz/MyWRF/output/2025DJF/ME00/wrfout_d01_2025-01-07_00:00:00
/home/akioz/MyWRF/output/2025DJF/ME00/wrfout_d01_2025-01-07_06:00:00
/home/akioz/MyWRF/output/2025DJF/ME00/wrfout_d01_2025-01-07_12:00:00
Time: 2025-01-07_12
Back Time: 2025-01-07_06
Front Time: 2025-01-07_18
Read wrfout File 
/home/akioz/MyWRF/output/2025DJF/ME00/wrfout_d01_2025-01-07_06:00:00
/home/akioz/MyWRF/output/2025DJF/ME00/wrfout_d01_2025-01-07_12:00:00
/home/akioz/MyWRF/output/2025DJF/ME00/wrfout_d01_2025-01-07_18:00:00
Time: 2025-01-07_18
Back Time: 2025-01-07_12
Front Time: 2025-01-08_00
Read wrfout File 
/home/akioz/MyWRF/output/2025DJF/ME00/wrfout_d01_2025-01-07_12:00:00
/home/akioz/MyWRF/output/2025DJF/ME00/wrfout_d01_2025-01-07_18:00:00
/home/akioz/MyWRF/output/2025DJF/ME00/wrfout_d01_2025-01-08_00:00:00
Time: 2025-01-08_00
Back Time: 2025-01-07_18
Front Time: 2025-01-08_06
Read wrfout File 
/home/akioz/MyWRF/output/2025DJF/ME00/wrfout_d01_2025-01-07_18:00:00
/home/akioz/MyWRF/output/2025DJF/ME00/wrfout_d01_2025-01-08_00:00:00
/home/akioz/MyWRF/output/2025DJF/ME00/wrfout_d01_2025-01-08_06:00:00
Time: 2025-01-08_06
Back Time: 2025-01-08_00
Front Time: 2025-01-08_12
Read wrfout File 
/home/akioz/MyWRF/output/2025DJF/ME00/wrfout_d01_2025-01-08_00:00:00
/home/akioz/MyWRF/output/2025DJF/ME00/wrfout_d01_2025-01-08_06:00:00
/home/akioz/MyWRF/output/2025DJF/ME00/wrfout_d01_2025-01-08_12:00:00
Time: 2025-01-08_12
Back Time: 2025-01-08_06
Front Time: 2025-01-08_18
Read wrfout File 
/home/akioz/MyWRF/output/2025DJF/ME00/wrfout_d01_2025-01-08_06:00:00
/home/akioz/MyWRF/output/2025DJF/ME00/wrfout_d01_2025-01-08_12:00:00
/home/akioz/MyWRF/output/2025DJF/ME00/wrfout_d01_2025-01-08_18:00:00
Time: 2025-01-08_18
Back Time: 2025-01-08_12
Front Time: 2025-01-09_00
Read wrfout File 
/home/akioz/MyWRF/output/2025DJF/ME00/wrfout_d01_2025-01-08_12:00:00
/home/akioz/MyWRF/output/2025DJF/ME00/wrfout_d01_2025-01-08_18:00:00
/home/akioz/MyWRF/output/2025DJF/ME00/wrfout_d01_2025-01-09_00:00:00
Time: 2025-01-09_00
Back Time: 2025-01-08_18
Front Time: 2025-01-09_06
Read wrfout File 
/home/akioz/MyWRF/output/2025DJF/ME00/wrfout_d01_2025-01-08_18:00:00
/home/akioz/MyWRF/output/2025DJF/ME00/wrfout_d01_2025-01-09_00:00:00
/home/akioz/MyWRF/output/2025DJF/ME00/wrfout_d01_2025-01-09_06:00:00
Time: 2025-01-09_06
Back Time: 2025-01-09_00
Front Time: 2025-01-09_12
Read wrfout File 
/home/akioz/MyWRF/output/2025DJF/ME00/wrfout_d01_2025-01-09_00:00:00
/home/akioz/MyWRF/output/2025DJF/ME00/wrfout_d01_2025-01-09_06:00:00
/home/akioz/MyWRF/output/2025DJF/ME00/wrfout_d01_2025-01-09_12:00:00
Time: 2025-01-09_12
Back Time: 2025-01-09_06
Front Time: 2025-01-09_18
Read wrfout File 
/home/akioz/MyWRF/output/2025DJF/ME00/wrfout_d01_2025-01-09_06:00:00
/home/akioz/MyWRF/output/2025DJF/ME00/wrfout_d01_2025-01-09_12:00:00
/home/akioz/MyWRF/output/2025DJF/ME00/wrfout_d01_2025-01-09_18:00:00
Time: 2025-01-09_18
Back Time: 2025-01-09_12
Front Time: 2025-01-10_00
Read wrfout File 
/home/akioz/MyWRF/output/2025DJF/ME00/wrfout_d01_2025-01-09_12:00:00
/home/akioz/MyWRF/output/2025DJF/ME00/wrfout_d01_2025-01-09_18:00:00
/home/akioz/MyWRF/output/2025DJF/ME00/wrfout_d01_2025-01-10_00:00:00
Time: 2025-01-10_00
Back Time: 2025-01-09_18
Front Time: 2025-01-10_06
Read wrfout File 
/home/akioz/MyWRF/output/2025DJF/ME00/wrfout_d01_2025-01-09_18:00:00
/home/akioz/MyWRF/output/2025DJF/ME00/wrfout_d01_2025-01-10_00:00:00
/home/akioz/MyWRF/output/2025DJF/ME00/wrfout_d01_2025-01-10_06:00:00
Time: 2025-01-10_06
Back Time: 2025-01-10_00
Front Time: 2025-01-10_12
Read wrfout File 
/home/akioz/MyWRF/output/2025DJF/ME00/wrfout_d01_2025-01-10_00:00:00
/home/akioz/MyWRF/output/2025DJF/ME00/wrfout_d01_2025-01-10_06:00:00
/home/akioz/MyWRF/output/2025DJF/ME00/wrfout_d01_2025-01-10_12:00:00
Time: 2025-01-10_12
Back Time: 2025-01-10_06
Front Time: 2025-01-10_18
Read wrfout File 
/home/akioz/MyWRF/output/2025DJF/ME00/wrfout_d01_2025-01-10_06:00:00
/home/akioz/MyWRF/output/2025DJF/ME00/wrfout_d01_2025-01-10_12:00:00
/home/akioz/MyWRF/output/2025DJF/ME00/wrfout_d01_2025-01-10_18:00:00
Time: 2025-01-10_18
Back Time: 2025-01-10_12
Front Time: 2025-01-11_00
Read wrfout File 
/home/akioz/MyWRF/output/2025DJF/ME00/wrfout_d01_2025-01-10_12:00:00
/home/akioz/MyWRF/output/2025DJF/ME00/wrfout_d01_2025-01-10_18:00:00
/home/akioz/MyWRF/output/2025DJF/ME00/wrfout_d01_2025-01-11_00:00:00
Time: 2025-01-11_00
Back Time: 2025-01-10_18
Front Time: 2025-01-11_06
Read wrfout File 
/home/akioz/MyWRF/output/2025DJF/ME00/wrfout_d01_2025-01-10_18:00:00
/home/akioz/MyWRF/output/2025DJF/ME00/wrfout_d01_2025-01-11_00:00:00
2025-01-18_12
Front Time: 2025-01-19_00
Read wrfout File 
/home/akioz/MyWRF/output/2025DJF/CTL/wrfout_d01_2025-01-18_12:00:00
/home/akioz/MyWRF/output/2025DJF/CTL/wrfout_d01_2025-01-18_18:00:00
/home/akioz/MyWRF/output/2025DJF/CTL/wrfout_d01_2025-01-19_00:00:00
Time: 2025-01-19_00
Back Time: 2025-01-18_18
Front Time: 2025-01-19_06
Read wrfout File 
/home/akioz/MyWRF/output/2025DJF/CTL/wrfout_d01_2025-01-18_18:00:00
/home/akioz/MyWRF/output/2025DJF/CTL/wrfout_d01_2025-01-19_00:00:00
/home/akioz/MyWRF/output/2025DJF/CTL/wrfout_d01_2025-01-19_06:00:00
Time: 2025-01-19_06
Back Time: 2025-01-19_00
Front Time: 2025-01-19_12
Read wrfout File 
/home/akioz/MyWRF/output/2025DJF/CTL/wrfout_d01_2025-01-19_00:00:00
/home/akioz/MyWRF/output/2025DJF/CTL/wrfout_d01_2025-01-19_06:00:00
/home/akioz/MyWRF/output/2025DJF/CTL/wrfout_d01_2025-01-19_12:00:00
Time: 2025-01-19_12
Back Time: 2025-01-19_06
Front Time: 2025-01-19_18
Read wrfout File 
/home/akioz/MyWRF/output/2025DJF/CTL/wrfout_d01_2025-01-19_06:00:00
/home/akioz/MyWRF/output/2025DJF/CTL/wrfout_d01_2025-01-19_12:00:00
/home/akioz/MyWRF/output/2025DJF/CTL/wrfout_d01_2025-01-19_18:00:00
Time: 2025-01-19_18
Back Time: 2025-01-19_12
Front Time: 2025-01-20_00
Read wrfout File 
/home/akioz/MyWRF/output/2025DJF/CTL/wrfout_d01_2025-01-19_12:00:00
/home/akioz/MyWRF/output/2025DJF/CTL/wrfout_d01_2025-01-19_18:00:00
/home/akioz/MyWRF/output/2025DJF/CTL/wrfout_d01_2025-01-20_00:00:00
Time: 2025-01-20_00
Back Time: 2025-01-19_18
Front Time: 2025-01-20_06
Read wrfout File 
/home/akioz/MyWRF/output/2025DJF/CTL/wrfout_d01_2025-01-19_18:00:00
/home/akioz/MyWRF/output/2025DJF/CTL/wrfout_d01_2025-01-20_00:00:00
/home/akioz/MyWRF/output/2025DJF/CTL/wrfout_d01_2025-01-20_06:00:00
Time: 2025-01-20_06
Back Time: 2025-01-20_00
Front Time: 2025-01-20_12
Read wrfout File 
/home/akioz/MyWRF/output/2025DJF/CTL/wrfout_d01_2025-01-20_00:00:00
/home/akioz/MyWRF/output/2025DJF/CTL/wrfout_d01_2025-01-20_06:00:00
/home/akioz/MyWRF/output/2025DJF/CTL/wrfout_d01_2025-01-20_12:00:00
Time: 2025-01-20_12
Back Time: 2025-01-20_06
Front Time: 2025-01-20_18
Read wrfout File 
/home/akioz/MyWRF/output/2025DJF/CTL/wrfout_d01_2025-01-20_06:00:00
/home/akioz/MyWRF/output/2025DJF/CTL/wrfout_d01_2025-01-20_12:00:00
/home/akioz/MyWRF/output/2025DJF/CTL/wrfout_d01_2025-01-20_18:00:00
Time: 2025-01-20_18
Back Time: 2025-01-20_12
Front Time: 2025-01-21_00
Read wrfout File 
/home/akioz/MyWRF/output/2025DJF/CTL/wrfout_d01_2025-01-20_12:00:00
/home/akioz/MyWRF/output/2025DJF/CTL/wrfout_d01_2025-01-20_18:00:00
/home/akioz/MyWRF/output/2025DJF/CTL/wrfout_d01_2025-01-21_00:00:00
Time: 2025-01-21_00
Back Time: 2025-01-20_18
Front Time: 2025-01-21_06
Read wrfout File 
/home/akioz/MyWRF/output/2025DJF/CTL/wrfout_d01_2025-01-20_18:00:00
/home/akioz/MyWRF/output/2025DJF/CTL/wrfout_d01_2025-01-21_00:00:00
/home/akioz/MyWRF/output/2025DJF/CTL/wrfout_d01_2025-01-21_06:00:00
Time: 2025-01-21_06
Back Time: 2025-01-21_00
Front Time: 2025-01-21_12
Read wrfout File 
/home/akioz/MyWRF/output/2025DJF/CTL/wrfout_d01_2025-01-21_00:00:00
/home/akioz/MyWRF/output/2025DJF/CTL/wrfout_d01_2025-01-21_06:00:00
/home/akioz/MyWRF/output/2025DJF/CTL/wrfout_d01_2025-01-21_12:00:00
Time: 2025-01-21_12
Back Time: 2025-01-21_06
Front Time: 2025-01-21_18
Read wrfout File 
/home/akioz/MyWRF/output/2025DJF/CTL/wrfout_d01_2025-01-21_06:00:00
/home/akioz/MyWRF/output/2025DJF/CTL/wrfout_d01_2025-01-21_12:00:00
/home/akioz/MyWRF/output/2025DJF/CTL/wrfout_d01_2025-01-21_18:00:00
Time: 2025-01-21_18
Back Time: 2025-01-21_12
Front Time: 2025-01-22_00
Read wrfout File 
/home/akioz/MyWRF/output/2025DJF/CTL/wrfout_d01_2025-01-21_12:00:00
/home/akioz/MyWRF/output/2025DJF/CTL/wrfout_d01_2025-01-21_18:00:00
/home/akioz/MyWRF/output/2025DJF/CTL/wrfout_d01_2025-01-22_00:00:00
Time: 2025-01-22_00
Back Time: 2025-01-21_18
Front Time: 2025-01-22_06
Read wrfout File 
/home/akioz/MyWRF/output/2025DJF/CTL/wrfout_d01_2025-01-21_18:00:00
/home/akioz/MyWRF/output/2025DJF/CTL/wrfout_d01_2025-01-22_00:00:00
/home/akioz/MyWRF/output/2025DJF/CTL/wrfout_d01_2025-01-22_06:00:00
Time: 2025-01-22_06
Back Time: 2025-01-22_00
Front Time: 2025-01-22_12
Read wrfout File 
/home/akioz/MyWRF/output/2025DJF/CTL/wrfout_d01_2025-01-22_00:00:00
/home/akioz/MyWRF/output/2025DJF/CTL/wrfout_d01_2025-01-22_06:00:00
/home/akioz/MyWRF/output/2025DJF/CTL/wrfout_d01_2025-01-22_12:00:00
Time: 2025-01-22_12
Back Time: 2025-01-22_06
Front Time: 2025-01-22_18
Read wrfout File 
/home/akioz/MyWRF/output/2025DJF/CTL/wrfout_d01_2025-01-22_06:00:00
/home/akioz/MyWRF/output/2025DJF/CTL/wrfout_d01_2025-01-22_12:00:00
/home/akioz/MyWRF/output/2025DJF/CTL/wrfout_d01_2025-01-22_18:00:00
Time: 2025-01-22_18
Back Time: 2025-01-22_12
Front Time: 2025-01-23_00
Read wrfout File 
/home/akioz/MyWRF/output/2025DJF/CTL/wrfout_d01_2025-01-22_12:00:00
/home/akioz/MyWRF/output/2025DJF/CTL/wrfout_d01_2025-01-22_18:00:00
/home/akioz/MyWRF/output/2025DJF/CTL/wrfout_d01_2025-01-23_00:00:00
Time: 2025-01-23_00
Back Time: 2025-01-22_18
Front Time: 2025-01-23_06
Read wrfout File 
/home/akioz/MyWRF/output/2025DJF/CTL/wrfout_d01_2025-01-22_18:00:00
/home/akioz/MyWRF/output/2025DJF/CTL/wrfout_d01_2025-01-23_00:00:00
/home/akioz/MyWRF/output/2025DJF/CTL/wrfout_d01_2025-01-23_06:00:00
Time: 2025-01-23_06
Back Time: 2025-01-23_00
Front Time: 2025-01-23_12
Read wrfout File 
/home/akioz/MyWRF/output/2025DJF/CTL/wrfout_d01_2025-01-23_00:00:00
/home/akioz/MyWRF/output/2025DJF/CTL/wrfout_d01_2025-01-23_06:00:00
/home/akioz/MyWRF/output/2025DJF/CTL/wrfout_d01_2025-01-23_12:00:00
Time: 2025-01-23_12
Back Time: 2025-01-23_06
Front Time: 2025-01-23_18
Read wrfout File 
/home/akioz/MyWRF/output/2025DJF/CTL/wrfout_d01_2025-01-23_06:00:00
/home/akioz/MyWRF/output/2025DJF/CTL/wrfout_d01_2025-01-23_12:00:00
/home/akioz/MyWRF/output/2025DJF/CTL/wrfout_d01_2025-01-23_18:00:00
Time: 2025-01-23_18
Back Time: 2025-01-23_12
Front Time: 2025-01-24_00
Read wrfout File 
/home/akioz/MyWRF/output/2025DJF/CTL/wrfout_d01_2025-01-23_12:00:00
/home/akioz/MyWRF/output/2025DJF/CTL/wrfout_d01_2025-01-23_18:00:00
/home/akioz/MyWRF/output/2025DJF/CTL/wrfout_d01_2025-01-24_00:00:00
Time: 2025-01-24_00
Back Time: 2025-01-23_18
Front Time: 2025-01-24_06
Read wrfout File 
/home/akioz/MyWRF/output/2025DJF/CTL/wrfout_d01_2025-01-23_18:00:00
/home/akioz/MyWRF/output/2025DJF/CTL/wrfout_d01_2025-01-24_00:00:00
/home/akioz/MyWRF/output/2025DJF/CTL/wrfout_d01_2025-01-24_06:00:00
Time: 2025-01-24_06
Back Time: 2025-01-24_00
Front Time: 2025-01-24_12
Read wrfout File 
/home/akioz/MyWRF/output/2025DJF/CTL/wrfout_d01_2025-01-24_00:00:00
/home/akioz/MyWRF/output/2025DJF/CTL/wrfout_d01_2025-01-24_06:00:00
/home/akioz/MyWRF/output/2025DJF/CTL/wrfout_d01_2025-01-24_12:00:00
Time: 2025-01-24_12
Back Time: 2025-01-24_06
Front Time: 2025-01-24_18
Read wrfout File 
/home/akioz/MyWRF/output/2025DJF/CTL/wrfout_d01_2025-01-24_06:00:00
/home/akioz/MyWRF/output/2025DJF/CTL/wrfout_d01_2025-01-24_12:00:00
/home/akioz/MyWRF/output/2025DJF/CTL/wrfout_d01_2025-01-24_18:00:00
Time: 2025-01-24_18
Back Time: 2025-01-24_12
Front Time: 2025-01-25_00
Read wrfout File 
/home/akioz/MyWRF/output/2025DJF/CTL/wrfout_d01_2025-01-24_12:00:00
/home/akioz/MyWRF/output/2025DJF/CTL/wrfout_d01_2025-01-24_18:00:00
/home/akioz/MyWRF/output/2025DJF/CTL/wrfout_d01_2025-01-25_00:00:00
Time: 2025-01-25_00
Back Time: 2025-01-24_18
Front Time: 2025-01-25_06
Read wrfout File 
/home/akioz/MyWRF/output/2025DJF/CTL/wrfout_d01_2025-01-24_18:00:00
/home/akioz/MyWRF/output/2025DJF/CTL/wrfout_d01_2025-01-25_00:00:00
/home/akioz/MyWRF/output/2025DJF/CTL/wrfout_d01_2025-01-25_06:00:00
Time: 2025-01-25_06
Back Time: 2025-01-25_00
Front Time: 2025-01-25_12
Read wrfout File 
/home/akioz/MyWRF/output/2025DJF/CTL/wrfout_d01_2025-01-25_00:00:00
/home/akioz/MyWRF/output/2025DJF/CTL/wrfout_d01_2025-01-25_06:00:00
/home/akioz/MyWRF/output/2025DJF/CTL/wrfout_d01_2025-01-25_12:00:00
Time: 2025-01-25_12
Back Time: 2025-01-25_06
Front Time: 2025-01-25_18
Read wrfout File 
/home/akioz/MyWRF/output/2025DJF/CTL/wrfout_d01_2025-01-25_06:00:00
/home/akioz/MyWRF/output/2025DJF/CTL/wrfout_d01_2025-01-25_12:00:00
/home/akioz/MyWRF/output/2025DJF/CTL/wrfout_d01_2025-01-25_18:00:00
Time: 2025-01-25_18/home/akioz/MyWRF/output/2025DJF/ME00/wrfout_d01_2025-01-11_06:00:00
Time: 2025-01-11_06
Back Time: 2025-01-11_00
Front Time: 2025-01-11_12
Read wrfout File 
/home/akioz/MyWRF/output/2025DJF/ME00/wrfout_d01_2025-01-11_00:00:00
/home/akioz/MyWRF/output/2025DJF/ME00/wrfout_d01_2025-01-11_06:00:00
/home/akioz/MyWRF/output/2025DJF/ME00/wrfout_d01_2025-01-11_12:00:00
Time: 2025-01-11_12
Back Time: 2025-01-11_06
Front Time: 2025-01-11_18
Read wrfout File 
/home/akioz/MyWRF/output/2025DJF/ME00/wrfout_d01_2025-01-11_06:00:00
/home/akioz/MyWRF/output/2025DJF/ME00/wrfout_d01_2025-01-11_12:00:00
/home/akioz/MyWRF/output/2025DJF/ME00/wrfout_d01_2025-01-11_18:00:00
Time: 2025-01-11_18
Back Time: 2025-01-11_12
Front Time: 2025-01-12_00
Read wrfout File 
/home/akioz/MyWRF/output/2025DJF/ME00/wrfout_d01_2025-01-11_12:00:00
/home/akioz/MyWRF/output/2025DJF/ME00/wrfout_d01_2025-01-11_18:00:00
/home/akioz/MyWRF/output/2025DJF/ME00/wrfout_d01_2025-01-12_00:00:00
Time: 2025-01-12_00
Back Time: 2025-01-11_18
Front Time: 2025-01-12_06
Read wrfout File 
/home/akioz/MyWRF/output/2025DJF/ME00/wrfout_d01_2025-01-11_18:00:00
/home/akioz/MyWRF/output/2025DJF/ME00/wrfout_d01_2025-01-12_00:00:00
/home/akioz/MyWRF/output/2025DJF/ME00/wrfout_d01_2025-01-12_06:00:00
Time: 2025-01-12_06
Back Time: 2025-01-12_00
Front Time: 2025-01-12_12
Read wrfout File 
/home/akioz/MyWRF/output/2025DJF/ME00/wrfout_d01_2025-01-12_00:00:00
/home/akioz/MyWRF/output/2025DJF/ME00/wrfout_d01_2025-01-12_06:00:00
/home/akioz/MyWRF/output/2025DJF/ME00/wrfout_d01_2025-01-12_12:00:00
Time: 2025-01-12_12
Back Time: 2025-01-12_06
Front Time: 2025-01-12_18
Read wrfout File 
/home/akioz/MyWRF/output/2025DJF/ME00/wrfout_d01_2025-01-12_06:00:00
/home/akioz/MyWRF/output/2025DJF/ME00/wrfout_d01_2025-01-12_12:00:00
/home/akioz/MyWRF/output/2025DJF/ME00/wrfout_d01_2025-01-12_18:00:00
Time: 2025-01-12_18
Back Time: 2025-01-12_12
Front Time: 2025-01-13_00
Read wrfout File 
/home/akioz/MyWRF/output/2025DJF/ME00/wrfout_d01_2025-01-12_12:00:00
/home/akioz/MyWRF/output/2025DJF/ME00/wrfout_d01_2025-01-12_18:00:00
/home/akioz/MyWRF/output/2025DJF/ME00/wrfout_d01_2025-01-13_00:00:00
Time: 2025-01-13_00
Back Time: 2025-01-12_18
Front Time: 2025-01-13_06
Read wrfout File 
/home/akioz/MyWRF/output/2025DJF/ME00/wrfout_d01_2025-01-12_18:00:00
/home/akioz/MyWRF/output/2025DJF/ME00/wrfout_d01_2025-01-13_00:00:00
/home/akioz/MyWRF/output/2025DJF/ME00/wrfout_d01_2025-01-13_06:00:00
Time: 2025-01-13_06
Back Time: 2025-01-13_00
Front Time: 2025-01-13_12
Read wrfout File 
/home/akioz/MyWRF/output/2025DJF/ME00/wrfout_d01_2025-01-13_00:00:00
/home/akioz/MyWRF/output/2025DJF/ME00/wrfout_d01_2025-01-13_06:00:00
/home/akioz/MyWRF/output/2025DJF/ME00/wrfout_d01_2025-01-13_12:00:00
Time: 2025-01-13_12
Back Time: 2025-01-13_06
Front Time: 2025-01-13_18
Read wrfout File 
/home/akioz/MyWRF/output/2025DJF/ME00/wrfout_d01_2025-01-13_06:00:00
/home/akioz/MyWRF/output/2025DJF/ME00/wrfout_d01_2025-01-13_12:00:00
/home/akioz/MyWRF/output/2025DJF/ME00/wrfout_d01_2025-01-13_18:00:00
Time: 2025-01-13_18
Back Time: 2025-01-13_12
Front Time: 2025-01-14_00
Read wrfout File 
/home/akioz/MyWRF/output/2025DJF/ME00/wrfout_d01_2025-01-13_12:00:00
/home/akioz/MyWRF/output/2025DJF/ME00/wrfout_d01_2025-01-13_18:00:00
/home/akioz/MyWRF/output/2025DJF/ME00/wrfout_d01_2025-01-14_00:00:00
Time: 2025-01-14_00
Back Time: 2025-01-13_18
Front Time: 2025-01-14_06
Read wrfout File 
/home/akioz/MyWRF/output/2025DJF/ME00/wrfout_d01_2025-01-13_18:00:00
/home/akioz/MyWRF/output/2025DJF/ME00/wrfout_d01_2025-01-14_00:00:00
/home/akioz/MyWRF/output/2025DJF/ME00/wrfout_d01_2025-01-14_06:00:00
Time: 2025-01-14_06
Back Time: 2025-01-14_00
Front Time: 2025-01-14_12
Read wrfout File 
/home/akioz/MyWRF/output/2025DJF/ME00/wrfout_d01_2025-01-14_00:00:00
/home/akioz/MyWRF/output/2025DJF/ME00/wrfout_d01_2025-01-14_06:00:00
/home/akioz/MyWRF/output/2025DJF/ME00/wrfout_d01_2025-01-14_12:00:00
Time: 2025-01-14_12
Back Time: 2025-01-14_06
Front Time: 2025-01-14_18
Read wrfout File 
/home/akioz/MyWRF/output/2025DJF/ME00/wrfout_d01_2025-01-14_06:00:00
/home/akioz/MyWRF/output/2025DJF/ME00/wrfout_d01_2025-01-14_12:00:00
/home/akioz/MyWRF/output/2025DJF/ME00/wrfout_d01_2025-01-14_18:00:00
Time: 2025-01-14_18
Back Time: 2025-01-14_12
Front Time: 2025-01-15_00
Read wrfout File 
/home/akioz/MyWRF/output/2025DJF/ME00/wrfout_d01_2025-01-14_12:00:00
/home/akioz/MyWRF/output/2025DJF/ME00/wrfout_d01_2025-01-14_18:00:00
/home/akioz/MyWRF/output/2025DJF/ME00/wrfout_d01_2025-01-15_00:00:00
Time: 2025-01-15_00
Back Time: 2025-01-14_18
Front Time: 2025-01-15_06
Read wrfout File 
/home/akioz/MyWRF/output/2025DJF/ME00/wrfout_d01_2025-01-14_18:00:00
/home/akioz/MyWRF/output/2025DJF/ME00/wrfout_d01_2025-01-15_00:00:00
/home/akioz/MyWRF/output/2025DJF/ME00/wrfout_d01_2025-01-15_06:00:00
Time: 2025-01-15_06
Back Time: 2025-01-15_00
Front Time: 2025-01-15_12
Read wrfout File 
/home/akioz/MyWRF/output/2025DJF/ME00/wrfout_d01_2025-01-15_00:00:00
/home/akioz/MyWRF/output/2025DJF/ME00/wrfout_d01_2025-01-15_06:00:00
/home/akioz/MyWRF/output/2025DJF/ME00/wrfout_d01_2025-01-15_12:00:00
Time: 2025-01-15_12
Back Time: 2025-01-15_06
Front Time: 2025-01-15_18
Read wrfout File 
/home/akioz/MyWRF/output/2025DJF/ME00/wrfout_d01_2025-01-15_06:00:00
/home/akioz/MyWRF/output/2025DJF/ME00/wrfout_d01_2025-01-15_12:00:00
/home/akioz/MyWRF/output/2025DJF/ME00/wrfout_d01_2025-01-15_18:00:00
Time: 2025-01-15_18
Back Time: 2025-01-15_12
Front Time: 2025-01-16_00
Read wrfout File 
/home/akioz/MyWRF/output/2025DJF/ME00/wrfout_d01_2025-01-15_12:00:00
/home/akioz/MyWRF/output/2025DJF/ME00/wrfout_d01_2025-01-15_18:00:00
/home/akioz/MyWRF/output/2025DJF/ME00/wrfout_d01_2025-01-16_00:00:00
Time: 2025-01-16_00
Back Time: 2025-01-15_18
Front Time: 2025-01-16_06
Read wrfout File 
/home/akioz/MyWRF/output/2025DJF/ME00/wrfout_d01_2025-01-15_18:00:00
/home/akioz/MyWRF/output/2025DJF/ME00/wrfout_d01_2025-01-16_00:00:00
/home/akioz/MyWRF/output/2025DJF/ME00/wrfout_d01_2025-01-16_06:00:00
Time: 2025-01-16_06
Back Time: 2025-01-16_00
Front Time: 2025-01-16_12
Read wrfout File 
/home/akioz/MyWRF/output/2025DJF/ME00/wrfout_d01_2025-01-16_00:00:00
/home/akioz/MyWRF/output/2025DJF/ME00/wrfout_d01_2025-01-16_06:00:00
/home/akioz/MyWRF/output/2025DJF/ME00/wrfout_d01_2025-01-16_12:00:00
Time: 2025-01-16_12
Back Time: 2025-01-16_06
Front Time: 2025-01-16_18
Read wrfout File 
/home/akioz/MyWRF/output/2025DJF/ME00/wrfout_d01_2025-01-16_06:00:00
/home/akioz/MyWRF/output/2025DJF/ME00/wrfout_d01_2025-01-16_12:00:00
/home/akioz/MyWRF/output/2025DJF/ME00/wrfout_d01_2025-01-16_18:00:00
Time: 2025-01-16_18
Back Time: 2025-01-16_12
Front Time: 2025-01-17_00
Read wrfout File 
/home/akioz/MyWRF/output/2025DJF/ME00/wrfout_d01_2025-01-16_12:00:00
/home/akioz/MyWRF/output/2025DJF/ME00/wrfout_d01_2025-01-16_18:00:00
/home/akioz/MyWRF/output/2025DJF/ME00/wrfout_d01_2025-01-17_00:00:00
Time: 2025-01-17_00
Back Time: 2025-01-16_18
Front Time: 2025-01-17_06
Read wrfout File 
/home/akioz/MyWRF/output/2025DJF/ME00/wrfout_d01_2025-01-16_18:00:00
/home/akioz/MyWRF/output/2025DJF/ME00/wrfout_d01_2025-01-17_00:00:00
/home/akioz/MyWRF/output/2025DJF/ME00/wrfout_d01_2025-01-17_06:00:00
Time: 2025-01-17_06
Back Time: 2025-01-17_00
Front Time: 2025-01-17_12
Read wrfout File 
/home/akioz/MyWRF/output/2025DJF/ME00/wrfout_d01_2025-01-17_00:00:00
/home/akioz/MyWRF/output/2025DJF/ME00/wrfout_d01_2025-01-17_06:00:00
/home/akioz/MyWRF/output/2025DJF/ME00/wrfout_d01_2025-01-17_12:00:00
Time: 2025-01-17_12
Back Time: 2025-01-17_06
Front Time: 2025-01-17_18
Read wrfout File 
/home/akioz/MyWRF/output/2025DJF/ME00/wrfout_d01_2025-01-17_06:00:00
/home/akioz/MyWRF/output/2025DJF/ME00/wrfout_d01_2025-01-17_12:00:00
/home/akioz/MyWRF/output/2025DJF/ME00/wrfout_d01_2025-01-17_18:00:00
Time: 2025-01-17_18
Back Time: 2025-01-17_12
Front Time: 2025-01-18_00
Read wrfout File 
/home/akioz/MyWRF/output/2025DJF/ME00/wrfout_d01_2025-01-17_12:00:00
/home/akioz/MyWRF/output/2025DJF/ME00/wrfout_d01_2025-01-17_18:00:00
/home/akioz/MyWRF/output/2025DJF/ME00/wrfout_d01_2025-01-18_00:00:00
Time: 2025-01-18_00
Back Time: 2025-01-17_18
Front Time: 2025-01-18_06
Read wrfout File 

Back Time: 2025-01-25_12
Front Time: 2025-01-26_00
Read wrfout File 
/home/akioz/MyWRF/output/2025DJF/CTL/wrfout_d01_2025-01-25_12:00:00
/home/akioz/MyWRF/output/2025DJF/CTL/wrfout_d01_2025-01-25_18:00:00
/home/akioz/MyWRF/output/2025DJF/CTL/wrfout_d01_2025-01-26_00:00:00
Time: 2025-01-26_00
Back Time: 2025-01-25_18
Front Time: 2025-01-26_06
Read wrfout File 
/home/akioz/MyWRF/output/2025DJF/CTL/wrfout_d01_2025-01-25_18:00:00
/home/akioz/MyWRF/output/2025DJF/CTL/wrfout_d01_2025-01-26_00:00:00
/home/akioz/MyWRF/output/2025DJF/CTL/wrfout_d01_2025-01-26_06:00:00
Time: 2025-01-26_06
Back Time: 2025-01-26_00
Front Time: 2025-01-26_12
Read wrfout File 
/home/akioz/MyWRF/output/2025DJF/CTL/wrfout_d01_2025-01-26_00:00:00
/home/akioz/MyWRF/output/2025DJF/CTL/wrfout_d01_2025-01-26_06:00:00
/home/akioz/MyWRF/output/2025DJF/CTL/wrfout_d01_2025-01-26_12:00:00
Time: 2025-01-26_12
Back Time: 2025-01-26_06
Front Time: 2025-01-26_18
Read wrfout File 
/home/akioz/MyWRF/output/2025DJF/CTL/wrfout_d01_2025-01-26_06:00:00
/home/akioz/MyWRF/output/2025DJF/CTL/wrfout_d01_2025-01-26_12:00:00
/home/akioz/MyWRF/output/2025DJF/CTL/wrfout_d01_2025-01-26_18:00:00
Time: 2025-01-26_18
Back Time: 2025-01-26_12
Front Time: 2025-01-27_00
Read wrfout File 
/home/akioz/MyWRF/output/2025DJF/CTL/wrfout_d01_2025-01-26_12:00:00
/home/akioz/MyWRF/output/2025DJF/CTL/wrfout_d01_2025-01-26_18:00:00
/home/akioz/MyWRF/output/2025DJF/CTL/wrfout_d01_2025-01-27_00:00:00
Time: 2025-01-27_00
Back Time: 2025-01-26_18
Front Time: 2025-01-27_06
Read wrfout File 
/home/akioz/MyWRF/output/2025DJF/CTL/wrfout_d01_2025-01-26_18:00:00
/home/akioz/MyWRF/output/2025DJF/CTL/wrfout_d01_2025-01-27_00:00:00
/home/akioz/MyWRF/output/2025DJF/CTL/wrfout_d01_2025-01-27_06:00:00
Time: 2025-01-27_06
Back Time: 2025-01-27_00
Front Time: 2025-01-27_12
Read wrfout File 
/home/akioz/MyWRF/output/2025DJF/CTL/wrfout_d01_2025-01-27_00:00:00
/home/akioz/MyWRF/output/2025DJF/CTL/wrfout_d01_2025-01-27_06:00:00
/home/akioz/MyWRF/output/2025DJF/CTL/wrfout_d01_2025-01-27_12:00:00
Time: 2025-01-27_12
Back Time: 2025-01-27_06
Front Time: 2025-01-27_18
Read wrfout File 
/home/akioz/MyWRF/output/2025DJF/CTL/wrfout_d01_2025-01-27_06:00:00
/home/akioz/MyWRF/output/2025DJF/CTL/wrfout_d01_2025-01-27_12:00:00
/home/akioz/MyWRF/output/2025DJF/CTL/wrfout_d01_2025-01-27_18:00:00
Time: 2025-01-27_18
Back Time: 2025-01-27_12
Front Time: 2025-01-28_00
Read wrfout File 
/home/akioz/MyWRF/output/2025DJF/CTL/wrfout_d01_2025-01-27_12:00:00
/home/akioz/MyWRF/output/2025DJF/CTL/wrfout_d01_2025-01-27_18:00:00
/home/akioz/MyWRF/output/2025DJF/CTL/wrfout_d01_2025-01-28_00:00:00
Time: 2025-01-28_00
Back Time: 2025-01-27_18
Front Time: 2025-01-28_06
Read wrfout File 
/home/akioz/MyWRF/output/2025DJF/CTL/wrfout_d01_2025-01-27_18:00:00
/home/akioz/MyWRF/output/2025DJF/CTL/wrfout_d01_2025-01-28_00:00:00
/home/akioz/MyWRF/output/2025DJF/CTL/wrfout_d01_2025-01-28_06:00:00
Time: 2025-01-28_06
Back Time: 2025-01-28_00
Front Time: 2025-01-28_12
Read wrfout File 
/home/akioz/MyWRF/output/2025DJF/CTL/wrfout_d01_2025-01-28_00:00:00
/home/akioz/MyWRF/output/2025DJF/CTL/wrfout_d01_2025-01-28_06:00:00
/home/akioz/MyWRF/output/2025DJF/CTL/wrfout_d01_2025-01-28_12:00:00
Time: 2025-01-28_12
Back Time: 2025-01-28_06
Front Time: 2025-01-28_18
Read wrfout File 
/home/akioz/MyWRF/output/2025DJF/CTL/wrfout_d01_2025-01-28_06:00:00
/home/akioz/MyWRF/output/2025DJF/CTL/wrfout_d01_2025-01-28_12:00:00
/home/akioz/MyWRF/output/2025DJF/CTL/wrfout_d01_2025-01-28_18:00:00
Time: 2025-01-28_18
Back Time: 2025-01-28_12
Front Time: 2025-01-29_00
Read wrfout File 
/home/akioz/MyWRF/output/2025DJF/CTL/wrfout_d01_2025-01-28_12:00:00
/home/akioz/MyWRF/output/2025DJF/CTL/wrfout_d01_2025-01-28_18:00:00
/home/akioz/MyWRF/output/2025DJF/CTL/wrfout_d01_2025-01-29_00:00:00
Time: 2025-01-29_00
Back Time: 2025-01-28_18
Front Time: 2025-01-29_06
Read wrfout File 
/home/akioz/MyWRF/output/2025DJF/CTL/wrfout_d01_2025-01-28_18:00:00
/home/akioz/MyWRF/output/2025DJF/CTL/wrfout_d01_2025-01-29_00:00:00
/home/akioz/MyWRF/output/2025DJF/CTL/wrfout_d01_2025-01-29_06:00:00
Time: 2025-01-29_06
Back Time: 2025-01-29_00
Front Time: 2025-01-29_12
Read wrfout File 
/home/akioz/MyWRF/output/2025DJF/CTL/wrfout_d01_2025-01-29_00:00:00
/home/akioz/MyWRF/output/2025DJF/CTL/wrfout_d01_2025-01-29_06:00:00
/home/akioz/MyWRF/output/2025DJF/CTL/wrfout_d01_2025-01-29_12:00:00
Time: 2025-01-29_12
Back Time: 2025-01-29_06
Front Time: 2025-01-29_18
Read wrfout File 
/home/akioz/MyWRF/output/2025DJF/CTL/wrfout_d01_2025-01-29_06:00:00
/home/akioz/MyWRF/output/2025DJF/CTL/wrfout_d01_2025-01-29_12:00:00
/home/akioz/MyWRF/output/2025DJF/CTL/wrfout_d01_2025-01-29_18:00:00
Time: 2025-01-29_18
Back Time: 2025-01-29_12
Front Time: 2025-01-30_00
Read wrfout File 
/home/akioz/MyWRF/output/2025DJF/CTL/wrfout_d01_2025-01-29_12:00:00
/home/akioz/MyWRF/output/2025DJF/CTL/wrfout_d01_2025-01-29_18:00:00
/home/akioz/MyWRF/output/2025DJF/CTL/wrfout_d01_2025-01-30_00:00:00
Time: 2025-01-30_00
Back Time: 2025-01-29_18
Front Time: 2025-01-30_06
Read wrfout File 
/home/akioz/MyWRF/output/2025DJF/CTL/wrfout_d01_2025-01-29_18:00:00
/home/akioz/MyWRF/output/2025DJF/CTL/wrfout_d01_2025-01-30_00:00:00
/home/akioz/MyWRF/output/2025DJF/CTL/wrfout_d01_2025-01-30_06:00:00
Time: 2025-01-30_06
Back Time: 2025-01-30_00
Front Time: 2025-01-30_12
Read wrfout File 
/home/akioz/MyWRF/output/2025DJF/CTL/wrfout_d01_2025-01-30_00:00:00
/home/akioz/MyWRF/output/2025DJF/CTL/wrfout_d01_2025-01-30_06:00:00
/home/akioz/MyWRF/output/2025DJF/CTL/wrfout_d01_2025-01-30_12:00:00
Time: 2025-01-30_12
Back Time: 2025-01-30_06
Front Time: 2025-01-30_18
Read wrfout File 
/home/akioz/MyWRF/output/2025DJF/CTL/wrfout_d01_2025-01-30_06:00:00
/home/akioz/MyWRF/output/2025DJF/CTL/wrfout_d01_2025-01-30_12:00:00
/home/akioz/MyWRF/output/2025DJF/CTL/wrfout_d01_2025-01-30_18:00:00
Time: 2025-01-30_18
Back Time: 2025-01-30_12
Front Time: 2025-01-31_00
Read wrfout File 
/home/akioz/MyWRF/output/2025DJF/CTL/wrfout_d01_2025-01-30_12:00:00
/home/akioz/MyWRF/output/2025DJF/CTL/wrfout_d01_2025-01-30_18:00:00
/home/akioz/MyWRF/output/2025DJF/CTL/wrfout_d01_2025-01-31_00:00:00
Time: 2025-01-31_00
Back Time: 2025-01-30_18
Front Time: 2025-01-31_06
Read wrfout File 
/home/akioz/MyWRF/output/2025DJF/CTL/wrfout_d01_2025-01-30_18:00:00
/home/akioz/MyWRF/output/2025DJF/CTL/wrfout_d01_2025-01-31_00:00:00
/home/akioz/MyWRF/output/2025DJF/CTL/wrfout_d01_2025-01-31_06:00:00
Time: 2025-01-31_06
Back Time: 2025-01-31_00
Front Time: 2025-01-31_12
Read wrfout File 
/home/akioz/MyWRF/output/2025DJF/CTL/wrfout_d01_2025-01-31_00:00:00
/home/akioz/MyWRF/output/2025DJF/CTL/wrfout_d01_2025-01-31_06:00:00
/home/akioz/MyWRF/output/2025DJF/CTL/wrfout_d01_2025-01-31_12:00:00
Time: 2025-01-31_12
Back Time: 2025-01-31_06
Front Time: 2025-01-31_18
Read wrfout File 
/home/akioz/MyWRF/output/2025DJF/CTL/wrfout_d01_2025-01-31_06:00:00
/home/akioz/MyWRF/output/2025DJF/CTL/wrfout_d01_2025-01-31_12:00:00
/home/akioz/MyWRF/output/2025DJF/CTL/wrfout_d01_2025-01-31_18:00:00
Time: 2025-01-31_18
Back Time: 2025-01-31_12
Front Time: 2025-02-01_00
Read wrfout File 
/home/akioz/MyWRF/output/2025DJF/CTL/wrfout_d01_2025-01-31_12:00:00
/home/akioz/MyWRF/output/2025DJF/CTL/wrfout_d01_2025-01-31_18:00:00
/home/akioz/MyWRF/output/2025DJF/CTL/wrfout_d01_2025-02-01_00:00:00
Time: 2025-02-01_00
Back Time: 2025-01-31_18
Front Time: 2025-02-01_06
Read wrfout File 
/home/akioz/MyWRF/output/2025DJF/CTL/wrfout_d01_2025-01-31_18:00:00
/home/akioz/MyWRF/output/2025DJF/CTL/wrfout_d01_2025-02-01_00:00:00
/home/akioz/MyWRF/output/2025DJF/CTL/wrfout_d01_2025-02-01_06:00:00
Time: 2025-02-01_06
Back Time: 2025-02-01_00
Front Time: 2025-02-01_12
Read wrfout File 
/home/akioz/MyWRF/output/2025DJF/CTL/wrfout_d01_2025-02-01_00:00:00
/home/akioz/MyWRF/output/2025DJF/CTL/wrfout_d01_2025-02-01_06:00:00
/home/akioz/MyWRF/output/2025DJF/CTL/wrfout_d01_2025-02-01_12:00:00
Time: 2025-02-01_12
Back Time: 2025-02-01_06
Front Time: 2025-02-01_18
Read wrfout File 
/home/akioz/MyWRF/output/2025DJF/CTL/wrfout_d01_2025-02-01_06:00:00
/home/akioz/MyWRF/output/2025DJF/CTL/wrfout_d01_2025-02-01_12:00:00
/home/akioz/MyWRF/output/2025DJF/CTL/wrfout_d01_2025-02-01_18:00:00
Time: /home/akioz/MyWRF/output/2025DJF/ME00/wrfout_d01_2025-01-17_18:00:00
/home/akioz/MyWRF/output/2025DJF/ME00/wrfout_d01_2025-01-18_00:00:00
/home/akioz/MyWRF/output/2025DJF/ME00/wrfout_d01_2025-01-18_06:00:00
Time: 2025-01-18_06
Back Time: 2025-01-18_00
Front Time: 2025-01-18_12
Read wrfout File 
/home/akioz/MyWRF/output/2025DJF/ME00/wrfout_d01_2025-01-18_00:00:00
/home/akioz/MyWRF/output/2025DJF/ME00/wrfout_d01_2025-01-18_06:00:00
/home/akioz/MyWRF/output/2025DJF/ME00/wrfout_d01_2025-01-18_12:00:00
Time: 2025-01-18_12
Back Time: 2025-01-18_06
Front Time: 2025-01-18_18
Read wrfout File 
/home/akioz/MyWRF/output/2025DJF/ME00/wrfout_d01_2025-01-18_06:00:00
/home/akioz/MyWRF/output/2025DJF/ME00/wrfout_d01_2025-01-18_12:00:00
/home/akioz/MyWRF/output/2025DJF/ME00/wrfout_d01_2025-01-18_18:00:00
Time: 2025-01-18_18
Back Time: 2025-01-18_12
Front Time: 2025-01-19_00
Read wrfout File 
/home/akioz/MyWRF/output/2025DJF/ME00/wrfout_d01_2025-01-18_12:00:00
/home/akioz/MyWRF/output/2025DJF/ME00/wrfout_d01_2025-01-18_18:00:00
/home/akioz/MyWRF/output/2025DJF/ME00/wrfout_d01_2025-01-19_00:00:00
Time: 2025-01-19_00
Back Time: 2025-01-18_18
Front Time: 2025-01-19_06
Read wrfout File 
/home/akioz/MyWRF/output/2025DJF/ME00/wrfout_d01_2025-01-18_18:00:00
/home/akioz/MyWRF/output/2025DJF/ME00/wrfout_d01_2025-01-19_00:00:00
/home/akioz/MyWRF/output/2025DJF/ME00/wrfout_d01_2025-01-19_06:00:00
Time: 2025-01-19_06
Back Time: 2025-01-19_00
Front Time: 2025-01-19_12
Read wrfout File 
/home/akioz/MyWRF/output/2025DJF/ME00/wrfout_d01_2025-01-19_00:00:00
/home/akioz/MyWRF/output/2025DJF/ME00/wrfout_d01_2025-01-19_06:00:00
/home/akioz/MyWRF/output/2025DJF/ME00/wrfout_d01_2025-01-19_12:00:00
Time: 2025-01-19_12
Back Time: 2025-01-19_06
Front Time: 2025-01-19_18
Read wrfout File 
/home/akioz/MyWRF/output/2025DJF/ME00/wrfout_d01_2025-01-19_06:00:00
/home/akioz/MyWRF/output/2025DJF/ME00/wrfout_d01_2025-01-19_12:00:00
/home/akioz/MyWRF/output/2025DJF/ME00/wrfout_d01_2025-01-19_18:00:00
Time: 2025-01-19_18
Back Time: 2025-01-19_12
Front Time: 2025-01-20_00
Read wrfout File 
/home/akioz/MyWRF/output/2025DJF/ME00/wrfout_d01_2025-01-19_12:00:00
/home/akioz/MyWRF/output/2025DJF/ME00/wrfout_d01_2025-01-19_18:00:00
/home/akioz/MyWRF/output/2025DJF/ME00/wrfout_d01_2025-01-20_00:00:00
Time: 2025-01-20_00
Back Time: 2025-01-19_18
Front Time: 2025-01-20_06
Read wrfout File 
/home/akioz/MyWRF/output/2025DJF/ME00/wrfout_d01_2025-01-19_18:00:00
/home/akioz/MyWRF/output/2025DJF/ME00/wrfout_d01_2025-01-20_00:00:00
/home/akioz/MyWRF/output/2025DJF/ME00/wrfout_d01_2025-01-20_06:00:00
Time: 2025-01-20_06
Back Time: 2025-01-20_00
Front Time: 2025-01-20_12
Read wrfout File 
/home/akioz/MyWRF/output/2025DJF/ME00/wrfout_d01_2025-01-20_00:00:00
/home/akioz/MyWRF/output/2025DJF/ME00/wrfout_d01_2025-01-20_06:00:00
/home/akioz/MyWRF/output/2025DJF/ME00/wrfout_d01_2025-01-20_12:00:00
Time: 2025-01-20_12
Back Time: 2025-01-20_06
Front Time: 2025-01-20_18
Read wrfout File 
/home/akioz/MyWRF/output/2025DJF/ME00/wrfout_d01_2025-01-20_06:00:00
/home/akioz/MyWRF/output/2025DJF/ME00/wrfout_d01_2025-01-20_12:00:00
/home/akioz/MyWRF/output/2025DJF/ME00/wrfout_d01_2025-01-20_18:00:00
Time: 2025-01-20_18
Back Time: 2025-01-20_12
Front Time: 2025-01-21_00
Read wrfout File 
/home/akioz/MyWRF/output/2025DJF/ME00/wrfout_d01_2025-01-20_12:00:00
/home/akioz/MyWRF/output/2025DJF/ME00/wrfout_d01_2025-01-20_18:00:00
/home/akioz/MyWRF/output/2025DJF/ME00/wrfout_d01_2025-01-21_00:00:00
Time: 2025-01-21_00
Back Time: 2025-01-20_18
Front Time: 2025-01-21_06
Read wrfout File 
/home/akioz/MyWRF/output/2025DJF/ME00/wrfout_d01_2025-01-20_18:00:00
/home/akioz/MyWRF/output/2025DJF/ME00/wrfout_d01_2025-01-21_00:00:00
/home/akioz/MyWRF/output/2025DJF/ME00/wrfout_d01_2025-01-21_06:00:00
Time: 2025-01-21_06
Back Time: 2025-01-21_00
Front Time: 2025-01-21_12
Read wrfout File 
/home/akioz/MyWRF/output/2025DJF/ME00/wrfout_d01_2025-01-21_00:00:00
/home/akioz/MyWRF/output/2025DJF/ME00/wrfout_d01_2025-01-21_06:00:00
/home/akioz/MyWRF/output/2025DJF/ME00/wrfout_d01_2025-01-21_12:00:00
Time: 2025-01-21_12
Back Time: 2025-01-21_06
Front Time: 2025-01-21_18
Read wrfout File 
/home/akioz/MyWRF/output/2025DJF/ME00/wrfout_d01_2025-01-21_06:00:00
/home/akioz/MyWRF/output/2025DJF/ME00/wrfout_d01_2025-01-21_12:00:00
/home/akioz/MyWRF/output/2025DJF/ME00/wrfout_d01_2025-01-21_18:00:00
Time: 2025-01-21_18
Back Time: 2025-01-21_12
Front Time: 2025-01-22_00
Read wrfout File 
/home/akioz/MyWRF/output/2025DJF/ME00/wrfout_d01_2025-01-21_12:00:00
/home/akioz/MyWRF/output/2025DJF/ME00/wrfout_d01_2025-01-21_18:00:00
/home/akioz/MyWRF/output/2025DJF/ME00/wrfout_d01_2025-01-22_00:00:00
Time: 2025-01-22_00
Back Time: 2025-01-21_18
Front Time: 2025-01-22_06
Read wrfout File 
/home/akioz/MyWRF/output/2025DJF/ME00/wrfout_d01_2025-01-21_18:00:00
/home/akioz/MyWRF/output/2025DJF/ME00/wrfout_d01_2025-01-22_00:00:00
/home/akioz/MyWRF/output/2025DJF/ME00/wrfout_d01_2025-01-22_06:00:00
Time: 2025-01-22_06
Back Time: 2025-01-22_00
Front Time: 2025-01-22_12
Read wrfout File 
/home/akioz/MyWRF/output/2025DJF/ME00/wrfout_d01_2025-01-22_00:00:00
/home/akioz/MyWRF/output/2025DJF/ME00/wrfout_d01_2025-01-22_06:00:00
/home/akioz/MyWRF/output/2025DJF/ME00/wrfout_d01_2025-01-22_12:00:00
Time: 2025-01-22_12
Back Time: 2025-01-22_06
Front Time: 2025-01-22_18
Read wrfout File 
/home/akioz/MyWRF/output/2025DJF/ME00/wrfout_d01_2025-01-22_06:00:00
/home/akioz/MyWRF/output/2025DJF/ME00/wrfout_d01_2025-01-22_12:00:00
/home/akioz/MyWRF/output/2025DJF/ME00/wrfout_d01_2025-01-22_18:00:00
Time: 2025-01-22_18
Back Time: 2025-01-22_12
Front Time: 2025-01-23_00
Read wrfout File 
/home/akioz/MyWRF/output/2025DJF/ME00/wrfout_d01_2025-01-22_12:00:00
/home/akioz/MyWRF/output/2025DJF/ME00/wrfout_d01_2025-01-22_18:00:00
/home/akioz/MyWRF/output/2025DJF/ME00/wrfout_d01_2025-01-23_00:00:00
Time: 2025-01-23_00
Back Time: 2025-01-22_18
Front Time: 2025-01-23_06
Read wrfout File 
/home/akioz/MyWRF/output/2025DJF/ME00/wrfout_d01_2025-01-22_18:00:00
/home/akioz/MyWRF/output/2025DJF/ME00/wrfout_d01_2025-01-23_00:00:00
/home/akioz/MyWRF/output/2025DJF/ME00/wrfout_d01_2025-01-23_06:00:00
Time: 2025-01-23_06
Back Time: 2025-01-23_00
Front Time: 2025-01-23_12
Read wrfout File 
/home/akioz/MyWRF/output/2025DJF/ME00/wrfout_d01_2025-01-23_00:00:00
/home/akioz/MyWRF/output/2025DJF/ME00/wrfout_d01_2025-01-23_06:00:00
/home/akioz/MyWRF/output/2025DJF/ME00/wrfout_d01_2025-01-23_12:00:00
Time: 2025-01-23_12
Back Time: 2025-01-23_06
Front Time: 2025-01-23_18
Read wrfout File 
/home/akioz/MyWRF/output/2025DJF/ME00/wrfout_d01_2025-01-23_06:00:00
/home/akioz/MyWRF/output/2025DJF/ME00/wrfout_d01_2025-01-23_12:00:00
/home/akioz/MyWRF/output/2025DJF/ME00/wrfout_d01_2025-01-23_18:00:00
Time: 2025-01-23_18
Back Time: 2025-01-23_12
Front Time: 2025-01-24_00
Read wrfout File 
/home/akioz/MyWRF/output/2025DJF/ME00/wrfout_d01_2025-01-23_12:00:00
/home/akioz/MyWRF/output/2025DJF/ME00/wrfout_d01_2025-01-23_18:00:00
/home/akioz/MyWRF/output/2025DJF/ME00/wrfout_d01_2025-01-24_00:00:00
Time: 2025-01-24_00
Back Time: 2025-01-23_18
Front Time: 2025-01-24_06
Read wrfout File 
/home/akioz/MyWRF/output/2025DJF/ME00/wrfout_d01_2025-01-23_18:00:00
/home/akioz/MyWRF/output/2025DJF/ME00/wrfout_d01_2025-01-24_00:00:00
/home/akioz/MyWRF/output/2025DJF/ME00/wrfout_d01_2025-01-24_06:00:00
Time: 2025-01-24_06
Back Time: 2025-01-24_00
Front Time: 2025-01-24_12
Read wrfout File 
/home/akioz/MyWRF/output/2025DJF/ME00/wrfout_d01_2025-01-24_00:00:00
/home/akioz/MyWRF/output/2025DJF/ME00/wrfout_d01_2025-01-24_06:00:00
/home/akioz/MyWRF/output/2025DJF/ME00/wrfout_d01_2025-01-24_12:00:00
Time: 2025-01-24_12
Back Time: 2025-01-24_06
Front Time: 2025-01-24_18
Read wrfout File 
/home/akioz/MyWRF/output/2025DJF/ME00/wrfout_d01_2025-01-24_06:00:00
/home/akioz/MyWRF/output/2025DJF/ME00/wrfout_d01_2025-01-24_12:00:00
/home/akioz/MyWRF/output/2025DJF/ME00/wrfout_d01_2025-01-24_18:00:00
Time: 2025-01-24_18
Back Time: 2025-01-24_12
Front Time: 2025-01-25_00
Read wrfout File 
/home/akioz/MyWRF/output/2025DJF/ME00/wrfout_d01_2025-01-24_12:00:00
/home/akioz/MyWRF/output/2025DJF/ME00/wrfout_d01_2025-01-24_18:00:00
2025-02-01_18
Back Time: 2025-02-01_12
Front Time: 2025-02-02_00
Read wrfout File 
/home/akioz/MyWRF/output/2025DJF/CTL/wrfout_d01_2025-02-01_12:00:00
/home/akioz/MyWRF/output/2025DJF/CTL/wrfout_d01_2025-02-01_18:00:00
/home/akioz/MyWRF/output/2025DJF/CTL/wrfout_d01_2025-02-02_00:00:00
Time: 2025-02-02_00
Back Time: 2025-02-01_18
Front Time: 2025-02-02_06
Read wrfout File 
/home/akioz/MyWRF/output/2025DJF/CTL/wrfout_d01_2025-02-01_18:00:00
/home/akioz/MyWRF/output/2025DJF/CTL/wrfout_d01_2025-02-02_00:00:00
/home/akioz/MyWRF/output/2025DJF/CTL/wrfout_d01_2025-02-02_06:00:00
Time: 2025-02-02_06
Back Time: 2025-02-02_00
Front Time: 2025-02-02_12
Read wrfout File 
/home/akioz/MyWRF/output/2025DJF/CTL/wrfout_d01_2025-02-02_00:00:00
/home/akioz/MyWRF/output/2025DJF/CTL/wrfout_d01_2025-02-02_06:00:00
/home/akioz/MyWRF/output/2025DJF/CTL/wrfout_d01_2025-02-02_12:00:00
Time: 2025-02-02_12
Back Time: 2025-02-02_06
Front Time: 2025-02-02_18
Read wrfout File 
/home/akioz/MyWRF/output/2025DJF/CTL/wrfout_d01_2025-02-02_06:00:00
/home/akioz/MyWRF/output/2025DJF/CTL/wrfout_d01_2025-02-02_12:00:00
/home/akioz/MyWRF/output/2025DJF/CTL/wrfout_d01_2025-02-02_18:00:00
Time: 2025-02-02_18
Back Time: 2025-02-02_12
Front Time: 2025-02-03_00
Read wrfout File 
/home/akioz/MyWRF/output/2025DJF/CTL/wrfout_d01_2025-02-02_12:00:00
/home/akioz/MyWRF/output/2025DJF/CTL/wrfout_d01_2025-02-02_18:00:00
/home/akioz/MyWRF/output/2025DJF/CTL/wrfout_d01_2025-02-03_00:00:00
Time: 2025-02-03_00
Back Time: 2025-02-02_18
Front Time: 2025-02-03_06
Read wrfout File 
/home/akioz/MyWRF/output/2025DJF/CTL/wrfout_d01_2025-02-02_18:00:00
/home/akioz/MyWRF/output/2025DJF/CTL/wrfout_d01_2025-02-03_00:00:00
/home/akioz/MyWRF/output/2025DJF/CTL/wrfout_d01_2025-02-03_06:00:00
Time: 2025-02-03_06
Back Time: 2025-02-03_00
Front Time: 2025-02-03_12
Read wrfout File 
/home/akioz/MyWRF/output/2025DJF/CTL/wrfout_d01_2025-02-03_00:00:00
/home/akioz/MyWRF/output/2025DJF/CTL/wrfout_d01_2025-02-03_06:00:00
/home/akioz/MyWRF/output/2025DJF/CTL/wrfout_d01_2025-02-03_12:00:00
Time: 2025-02-03_12
Back Time: 2025-02-03_06
Front Time: 2025-02-03_18
Read wrfout File 
/home/akioz/MyWRF/output/2025DJF/CTL/wrfout_d01_2025-02-03_06:00:00
/home/akioz/MyWRF/output/2025DJF/CTL/wrfout_d01_2025-02-03_12:00:00
/home/akioz/MyWRF/output/2025DJF/CTL/wrfout_d01_2025-02-03_18:00:00
Time: 2025-02-03_18
Back Time: 2025-02-03_12
Front Time: 2025-02-04_00
Read wrfout File 
/home/akioz/MyWRF/output/2025DJF/CTL/wrfout_d01_2025-02-03_12:00:00
/home/akioz/MyWRF/output/2025DJF/CTL/wrfout_d01_2025-02-03_18:00:00
/home/akioz/MyWRF/output/2025DJF/CTL/wrfout_d01_2025-02-04_00:00:00
Time: 2025-02-04_00
Back Time: 2025-02-03_18
Front Time: 2025-02-04_06
Read wrfout File 
/home/akioz/MyWRF/output/2025DJF/CTL/wrfout_d01_2025-02-03_18:00:00
/home/akioz/MyWRF/output/2025DJF/CTL/wrfout_d01_2025-02-04_00:00:00
/home/akioz/MyWRF/output/2025DJF/CTL/wrfout_d01_2025-02-04_06:00:00
Time: 2025-02-04_06
Back Time: 2025-02-04_00
Front Time: 2025-02-04_12
Read wrfout File 
/home/akioz/MyWRF/output/2025DJF/CTL/wrfout_d01_2025-02-04_00:00:00
/home/akioz/MyWRF/output/2025DJF/CTL/wrfout_d01_2025-02-04_06:00:00
/home/akioz/MyWRF/output/2025DJF/CTL/wrfout_d01_2025-02-04_12:00:00
Time: 2025-02-04_12
Back Time: 2025-02-04_06
Front Time: 2025-02-04_18
Read wrfout File 
/home/akioz/MyWRF/output/2025DJF/CTL/wrfout_d01_2025-02-04_06:00:00
/home/akioz/MyWRF/output/2025DJF/CTL/wrfout_d01_2025-02-04_12:00:00
/home/akioz/MyWRF/output/2025DJF/CTL/wrfout_d01_2025-02-04_18:00:00
Time: 2025-02-04_18
Back Time: 2025-02-04_12
Front Time: 2025-02-05_00
Read wrfout File 
/home/akioz/MyWRF/output/2025DJF/CTL/wrfout_d01_2025-02-04_12:00:00
/home/akioz/MyWRF/output/2025DJF/CTL/wrfout_d01_2025-02-04_18:00:00
/home/akioz/MyWRF/output/2025DJF/CTL/wrfout_d01_2025-02-05_00:00:00
Time: 2025-02-05_00
Back Time: 2025-02-04_18
Front Time: 2025-02-05_06
Read wrfout File 
/home/akioz/MyWRF/output/2025DJF/CTL/wrfout_d01_2025-02-04_18:00:00
/home/akioz/MyWRF/output/2025DJF/CTL/wrfout_d01_2025-02-05_00:00:00
/home/akioz/MyWRF/output/2025DJF/CTL/wrfout_d01_2025-02-05_06:00:00
Time: 2025-02-05_06
Back Time: 2025-02-05_00
Front Time: 2025-02-05_12
Read wrfout File 
/home/akioz/MyWRF/output/2025DJF/CTL/wrfout_d01_2025-02-05_00:00:00
/home/akioz/MyWRF/output/2025DJF/CTL/wrfout_d01_2025-02-05_06:00:00
/home/akioz/MyWRF/output/2025DJF/CTL/wrfout_d01_2025-02-05_12:00:00
Time: 2025-02-05_12
Back Time: 2025-02-05_06
Front Time: 2025-02-05_18
Read wrfout File 
/home/akioz/MyWRF/output/2025DJF/CTL/wrfout_d01_2025-02-05_06:00:00
/home/akioz/MyWRF/output/2025DJF/CTL/wrfout_d01_2025-02-05_12:00:00
/home/akioz/MyWRF/output/2025DJF/CTL/wrfout_d01_2025-02-05_18:00:00
Time: 2025-02-05_18
Back Time: 2025-02-05_12
Front Time: 2025-02-06_00
Read wrfout File 
/home/akioz/MyWRF/output/2025DJF/CTL/wrfout_d01_2025-02-05_12:00:00
/home/akioz/MyWRF/output/2025DJF/CTL/wrfout_d01_2025-02-05_18:00:00
/home/akioz/MyWRF/output/2025DJF/CTL/wrfout_d01_2025-02-06_00:00:00
Time: 2025-02-06_00
Back Time: 2025-02-05_18
Front Time: 2025-02-06_06
Read wrfout File 
/home/akioz/MyWRF/output/2025DJF/CTL/wrfout_d01_2025-02-05_18:00:00
/home/akioz/MyWRF/output/2025DJF/CTL/wrfout_d01_2025-02-06_00:00:00
/home/akioz/MyWRF/output/2025DJF/CTL/wrfout_d01_2025-02-06_06:00:00
Time: 2025-02-06_06
Back Time: 2025-02-06_00
Front Time: 2025-02-06_12
Read wrfout File 
/home/akioz/MyWRF/output/2025DJF/CTL/wrfout_d01_2025-02-06_00:00:00
/home/akioz/MyWRF/output/2025DJF/CTL/wrfout_d01_2025-02-06_06:00:00
/home/akioz/MyWRF/output/2025DJF/CTL/wrfout_d01_2025-02-06_12:00:00
Time: 2025-02-06_12
Back Time: 2025-02-06_06
Front Time: 2025-02-06_18
Read wrfout File 
/home/akioz/MyWRF/output/2025DJF/CTL/wrfout_d01_2025-02-06_06:00:00
/home/akioz/MyWRF/output/2025DJF/CTL/wrfout_d01_2025-02-06_12:00:00
/home/akioz/MyWRF/output/2025DJF/CTL/wrfout_d01_2025-02-06_18:00:00
Time: 2025-02-06_18
Back Time: 2025-02-06_12
Front Time: 2025-02-07_00
Read wrfout File 
/home/akioz/MyWRF/output/2025DJF/CTL/wrfout_d01_2025-02-06_12:00:00
/home/akioz/MyWRF/output/2025DJF/CTL/wrfout_d01_2025-02-06_18:00:00
/home/akioz/MyWRF/output/2025DJF/CTL/wrfout_d01_2025-02-07_00:00:00
Time: 2025-02-07_00
Back Time: 2025-02-06_18
Front Time: 2025-02-07_06
Read wrfout File 
/home/akioz/MyWRF/output/2025DJF/CTL/wrfout_d01_2025-02-06_18:00:00
/home/akioz/MyWRF/output/2025DJF/CTL/wrfout_d01_2025-02-07_00:00:00
/home/akioz/MyWRF/output/2025DJF/CTL/wrfout_d01_2025-02-07_06:00:00
Time: 2025-02-07_06
Back Time: 2025-02-07_00
Front Time: 2025-02-07_12
Read wrfout File 
/home/akioz/MyWRF/output/2025DJF/CTL/wrfout_d01_2025-02-07_00:00:00
/home/akioz/MyWRF/output/2025DJF/CTL/wrfout_d01_2025-02-07_06:00:00
/home/akioz/MyWRF/output/2025DJF/CTL/wrfout_d01_2025-02-07_12:00:00
Time: 2025-02-07_12
Back Time: 2025-02-07_06
Front Time: 2025-02-07_18
Read wrfout File 
/home/akioz/MyWRF/output/2025DJF/CTL/wrfout_d01_2025-02-07_06:00:00
/home/akioz/MyWRF/output/2025DJF/CTL/wrfout_d01_2025-02-07_12:00:00
/home/akioz/MyWRF/output/2025DJF/CTL/wrfout_d01_2025-02-07_18:00:00
Time: 2025-02-07_18
Back Time: 2025-02-07_12
Front Time: 2025-02-08_00
Read wrfout File 
/home/akioz/MyWRF/output/2025DJF/CTL/wrfout_d01_2025-02-07_12:00:00
/home/akioz/MyWRF/output/2025DJF/CTL/wrfout_d01_2025-02-07_18:00:00
/home/akioz/MyWRF/output/2025DJF/CTL/wrfout_d01_2025-02-08_00:00:00
Time: 2025-02-08_00
Back Time: 2025-02-07_18
Front Time: 2025-02-08_06
Read wrfout File 
/home/akioz/MyWRF/output/2025DJF/CTL/wrfout_d01_2025-02-07_18:00:00
/home/akioz/MyWRF/output/2025DJF/CTL/wrfout_d01_2025-02-08_00:00:00
/home/akioz/MyWRF/output/2025DJF/CTL/wrfout_d01_2025-02-08_06:00:00
Time: 2025-02-08_06
Back Time: 2025-02-08_00
Front Time: 2025-02-08_12
Read wrfout File 
/home/akioz/MyWRF/output/2025DJF/CTL/wrfout_d01_2025-02-08_00:00:00
/home/akioz/MyWRF/output/2025DJF/CTL/wrfout_d01_2025-02-08_06:00:00
/home/akioz/MyWRF/output/2025DJF/CTL/wrfout_d01_2025-02-08_12:00:00
Time: 2025-02-08_12
Back Time: 2025-02-08_06
Front Time: 2025-02-08_18
Read wrfout File 
/home/akioz/MyWRF/output/2025DJF/CTL/wrfout_d01_2025-02-08_06:00:00
/home/akioz/MyWRF/output/2025DJF/CTL/wrfout_d01_2025-02-08_12:00:00
/home/akioz/MyWRF/output/2025DJF/ME00/wrfout_d01_2025-01-25_00:00:00
Time: 2025-01-25_00
Back Time: 2025-01-24_18
Front Time: 2025-01-25_06
Read wrfout File 
/home/akioz/MyWRF/output/2025DJF/ME00/wrfout_d01_2025-01-24_18:00:00
/home/akioz/MyWRF/output/2025DJF/ME00/wrfout_d01_2025-01-25_00:00:00
/home/akioz/MyWRF/output/2025DJF/ME00/wrfout_d01_2025-01-25_06:00:00
Time: 2025-01-25_06
Back Time: 2025-01-25_00
Front Time: 2025-01-25_12
Read wrfout File 
/home/akioz/MyWRF/output/2025DJF/ME00/wrfout_d01_2025-01-25_00:00:00
/home/akioz/MyWRF/output/2025DJF/ME00/wrfout_d01_2025-01-25_06:00:00
/home/akioz/MyWRF/output/2025DJF/ME00/wrfout_d01_2025-01-25_12:00:00
Time: 2025-01-25_12
Back Time: 2025-01-25_06
Front Time: 2025-01-25_18
Read wrfout File 
/home/akioz/MyWRF/output/2025DJF/ME00/wrfout_d01_2025-01-25_06:00:00
/home/akioz/MyWRF/output/2025DJF/ME00/wrfout_d01_2025-01-25_12:00:00
/home/akioz/MyWRF/output/2025DJF/ME00/wrfout_d01_2025-01-25_18:00:00
Time: 2025-01-25_18
Back Time: 2025-01-25_12
Front Time: 2025-01-26_00
Read wrfout File 
/home/akioz/MyWRF/output/2025DJF/ME00/wrfout_d01_2025-01-25_12:00:00
/home/akioz/MyWRF/output/2025DJF/ME00/wrfout_d01_2025-01-25_18:00:00
/home/akioz/MyWRF/output/2025DJF/ME00/wrfout_d01_2025-01-26_00:00:00
Time: 2025-01-26_00
Back Time: 2025-01-25_18
Front Time: 2025-01-26_06
Read wrfout File 
/home/akioz/MyWRF/output/2025DJF/ME00/wrfout_d01_2025-01-25_18:00:00
/home/akioz/MyWRF/output/2025DJF/ME00/wrfout_d01_2025-01-26_00:00:00
/home/akioz/MyWRF/output/2025DJF/ME00/wrfout_d01_2025-01-26_06:00:00
Time: 2025-01-26_06
Back Time: 2025-01-26_00
Front Time: 2025-01-26_12
Read wrfout File 
/home/akioz/MyWRF/output/2025DJF/ME00/wrfout_d01_2025-01-26_00:00:00
/home/akioz/MyWRF/output/2025DJF/ME00/wrfout_d01_2025-01-26_06:00:00
/home/akioz/MyWRF/output/2025DJF/ME00/wrfout_d01_2025-01-26_12:00:00
Time: 2025-01-26_12
Back Time: 2025-01-26_06
Front Time: 2025-01-26_18
Read wrfout File 
/home/akioz/MyWRF/output/2025DJF/ME00/wrfout_d01_2025-01-26_06:00:00
/home/akioz/MyWRF/output/2025DJF/ME00/wrfout_d01_2025-01-26_12:00:00
/home/akioz/MyWRF/output/2025DJF/ME00/wrfout_d01_2025-01-26_18:00:00
Time: 2025-01-26_18
Back Time: 2025-01-26_12
Front Time: 2025-01-27_00
Read wrfout File 
/home/akioz/MyWRF/output/2025DJF/ME00/wrfout_d01_2025-01-26_12:00:00
/home/akioz/MyWRF/output/2025DJF/ME00/wrfout_d01_2025-01-26_18:00:00
/home/akioz/MyWRF/output/2025DJF/ME00/wrfout_d01_2025-01-27_00:00:00
Time: 2025-01-27_00
Back Time: 2025-01-26_18
Front Time: 2025-01-27_06
Read wrfout File 
/home/akioz/MyWRF/output/2025DJF/ME00/wrfout_d01_2025-01-26_18:00:00
/home/akioz/MyWRF/output/2025DJF/ME00/wrfout_d01_2025-01-27_00:00:00
/home/akioz/MyWRF/output/2025DJF/ME00/wrfout_d01_2025-01-27_06:00:00
Time: 2025-01-27_06
Back Time: 2025-01-27_00
Front Time: 2025-01-27_12
Read wrfout File 
/home/akioz/MyWRF/output/2025DJF/ME00/wrfout_d01_2025-01-27_00:00:00
/home/akioz/MyWRF/output/2025DJF/ME00/wrfout_d01_2025-01-27_06:00:00
/home/akioz/MyWRF/output/2025DJF/ME00/wrfout_d01_2025-01-27_12:00:00
Time: 2025-01-27_12
Back Time: 2025-01-27_06
Front Time: 2025-01-27_18
Read wrfout File 
/home/akioz/MyWRF/output/2025DJF/ME00/wrfout_d01_2025-01-27_06:00:00
/home/akioz/MyWRF/output/2025DJF/ME00/wrfout_d01_2025-01-27_12:00:00
/home/akioz/MyWRF/output/2025DJF/ME00/wrfout_d01_2025-01-27_18:00:00
Time: 2025-01-27_18
Back Time: 2025-01-27_12
Front Time: 2025-01-28_00
Read wrfout File 
/home/akioz/MyWRF/output/2025DJF/ME00/wrfout_d01_2025-01-27_12:00:00
/home/akioz/MyWRF/output/2025DJF/ME00/wrfout_d01_2025-01-27_18:00:00
/home/akioz/MyWRF/output/2025DJF/ME00/wrfout_d01_2025-01-28_00:00:00
Time: 2025-01-28_00
Back Time: 2025-01-27_18
Front Time: 2025-01-28_06
Read wrfout File 
/home/akioz/MyWRF/output/2025DJF/ME00/wrfout_d01_2025-01-27_18:00:00
/home/akioz/MyWRF/output/2025DJF/ME00/wrfout_d01_2025-01-28_00:00:00
/home/akioz/MyWRF/output/2025DJF/ME00/wrfout_d01_2025-01-28_06:00:00
Time: 2025-01-28_06
Back Time: 2025-01-28_00
Front Time: 2025-01-28_12
Read wrfout File 
/home/akioz/MyWRF/output/2025DJF/ME00/wrfout_d01_2025-01-28_00:00:00
/home/akioz/MyWRF/output/2025DJF/ME00/wrfout_d01_2025-01-28_06:00:00
/home/akioz/MyWRF/output/2025DJF/ME00/wrfout_d01_2025-01-28_12:00:00
Time: 2025-01-28_12
Back Time: 2025-01-28_06
Front Time: 2025-01-28_18
Read wrfout File 
/home/akioz/MyWRF/output/2025DJF/ME00/wrfout_d01_2025-01-28_06:00:00
/home/akioz/MyWRF/output/2025DJF/ME00/wrfout_d01_2025-01-28_12:00:00
/home/akioz/MyWRF/output/2025DJF/ME00/wrfout_d01_2025-01-28_18:00:00
Time: 2025-01-28_18
Back Time: 2025-01-28_12
Front Time: 2025-01-29_00
Read wrfout File 
/home/akioz/MyWRF/output/2025DJF/ME00/wrfout_d01_2025-01-28_12:00:00
/home/akioz/MyWRF/output/2025DJF/ME00/wrfout_d01_2025-01-28_18:00:00
/home/akioz/MyWRF/output/2025DJF/ME00/wrfout_d01_2025-01-29_00:00:00
Time: 2025-01-29_00
Back Time: 2025-01-28_18
Front Time: 2025-01-29_06
Read wrfout File 
/home/akioz/MyWRF/output/2025DJF/ME00/wrfout_d01_2025-01-28_18:00:00
/home/akioz/MyWRF/output/2025DJF/ME00/wrfout_d01_2025-01-29_00:00:00
/home/akioz/MyWRF/output/2025DJF/ME00/wrfout_d01_2025-01-29_06:00:00
Time: 2025-01-29_06
Back Time: 2025-01-29_00
Front Time: 2025-01-29_12
Read wrfout File 
/home/akioz/MyWRF/output/2025DJF/ME00/wrfout_d01_2025-01-29_00:00:00
/home/akioz/MyWRF/output/2025DJF/ME00/wrfout_d01_2025-01-29_06:00:00
/home/akioz/MyWRF/output/2025DJF/ME00/wrfout_d01_2025-01-29_12:00:00
Time: 2025-01-29_12
Back Time: 2025-01-29_06
Front Time: 2025-01-29_18
Read wrfout File 
/home/akioz/MyWRF/output/2025DJF/ME00/wrfout_d01_2025-01-29_06:00:00
/home/akioz/MyWRF/output/2025DJF/ME00/wrfout_d01_2025-01-29_12:00:00
/home/akioz/MyWRF/output/2025DJF/ME00/wrfout_d01_2025-01-29_18:00:00
Time: 2025-01-29_18
Back Time: 2025-01-29_12
Front Time: 2025-01-30_00
Read wrfout File 
/home/akioz/MyWRF/output/2025DJF/ME00/wrfout_d01_2025-01-29_12:00:00
/home/akioz/MyWRF/output/2025DJF/ME00/wrfout_d01_2025-01-29_18:00:00
/home/akioz/MyWRF/output/2025DJF/ME00/wrfout_d01_2025-01-30_00:00:00
Time: 2025-01-30_00
Back Time: 2025-01-29_18
Front Time: 2025-01-30_06
Read wrfout File 
/home/akioz/MyWRF/output/2025DJF/ME00/wrfout_d01_2025-01-29_18:00:00
/home/akioz/MyWRF/output/2025DJF/ME00/wrfout_d01_2025-01-30_00:00:00
/home/akioz/MyWRF/output/2025DJF/ME00/wrfout_d01_2025-01-30_06:00:00
Time: 2025-01-30_06
Back Time: 2025-01-30_00
Front Time: 2025-01-30_12
Read wrfout File 
/home/akioz/MyWRF/output/2025DJF/ME00/wrfout_d01_2025-01-30_00:00:00
/home/akioz/MyWRF/output/2025DJF/ME00/wrfout_d01_2025-01-30_06:00:00
/home/akioz/MyWRF/output/2025DJF/ME00/wrfout_d01_2025-01-30_12:00:00
Time: 2025-01-30_12
Back Time: 2025-01-30_06
Front Time: 2025-01-30_18
Read wrfout File 
/home/akioz/MyWRF/output/2025DJF/ME00/wrfout_d01_2025-01-30_06:00:00
/home/akioz/MyWRF/output/2025DJF/ME00/wrfout_d01_2025-01-30_12:00:00
/home/akioz/MyWRF/output/2025DJF/ME00/wrfout_d01_2025-01-30_18:00:00
Time: 2025-01-30_18
Back Time: 2025-01-30_12
Front Time: 2025-01-31_00
Read wrfout File 
/home/akioz/MyWRF/output/2025DJF/ME00/wrfout_d01_2025-01-30_12:00:00
/home/akioz/MyWRF/output/2025DJF/ME00/wrfout_d01_2025-01-30_18:00:00
/home/akioz/MyWRF/output/2025DJF/ME00/wrfout_d01_2025-01-31_00:00:00
Time: 2025-01-31_00
Back Time: 2025-01-30_18
Front Time: 2025-01-31_06
Read wrfout File 
/home/akioz/MyWRF/output/2025DJF/ME00/wrfout_d01_2025-01-30_18:00:00
/home/akioz/MyWRF/output/2025DJF/ME00/wrfout_d01_2025-01-31_00:00:00
/home/akioz/MyWRF/output/2025DJF/ME00/wrfout_d01_2025-01-31_06:00:00
Time: 2025-01-31_06
Back Time: 2025-01-31_00
Front Time: 2025-01-31_12
Read wrfout File 
/home/akioz/MyWRF/output/2025DJF/ME00/wrfout_d01_2025-01-31_00:00:00
/home/akioz/MyWRF/output/2025DJF/ME00/wrfout_d01_2025-01-31_06:00:00
/home/akioz/MyWRF/output/2025DJF/ME00/wrfout_d01_2025-01-31_12:00:00
Time: 2025-01-31_12
Back Time: 2025-01-31_06
Front Time: 2025-01-31_18
Read wrfout File 
/home/akioz/MyWRF/output/2025DJF/ME00/wrfout_d01_2025-01-31_06:00:00
/home/akioz/MyWRF/output/2025DJF/ME00/wrfout_d01_2025-01-31_12:00:00
/home/akioz/MyWRF/output/2025DJF/ME00/wrfout_d01_2025-01-31_18:00:00
Time: 2025-01-31_18
Back Time: 2025-01-31_12
Front Time: 2025-02-01_00
Read wrfout File 
/home/akioz/MyWRF/output/2025DJF/CTL/wrfout_d01_2025-02-08_18:00:00
Time: 2025-02-08_18
Back Time: 2025-02-08_12
Front Time: 2025-02-09_00
Read wrfout File 
/home/akioz/MyWRF/output/2025DJF/CTL/wrfout_d01_2025-02-08_12:00:00
/home/akioz/MyWRF/output/2025DJF/CTL/wrfout_d01_2025-02-08_18:00:00
/home/akioz/MyWRF/output/2025DJF/CTL/wrfout_d01_2025-02-09_00:00:00
Time: 2025-02-09_00
Back Time: 2025-02-08_18
Front Time: 2025-02-09_06
Read wrfout File 
/home/akioz/MyWRF/output/2025DJF/CTL/wrfout_d01_2025-02-08_18:00:00
/home/akioz/MyWRF/output/2025DJF/CTL/wrfout_d01_2025-02-09_00:00:00
/home/akioz/MyWRF/output/2025DJF/CTL/wrfout_d01_2025-02-09_06:00:00
Time: 2025-02-09_06
Back Time: 2025-02-09_00
Front Time: 2025-02-09_12
Read wrfout File 
/home/akioz/MyWRF/output/2025DJF/CTL/wrfout_d01_2025-02-09_00:00:00
/home/akioz/MyWRF/output/2025DJF/CTL/wrfout_d01_2025-02-09_06:00:00
/home/akioz/MyWRF/output/2025DJF/CTL/wrfout_d01_2025-02-09_12:00:00
Time: 2025-02-09_12
Back Time: 2025-02-09_06
Front Time: 2025-02-09_18
Read wrfout File 
/home/akioz/MyWRF/output/2025DJF/CTL/wrfout_d01_2025-02-09_06:00:00
/home/akioz/MyWRF/output/2025DJF/CTL/wrfout_d01_2025-02-09_12:00:00
/home/akioz/MyWRF/output/2025DJF/CTL/wrfout_d01_2025-02-09_18:00:00
Time: 2025-02-09_18
Back Time: 2025-02-09_12
Front Time: 2025-02-10_00
Read wrfout File 
/home/akioz/MyWRF/output/2025DJF/CTL/wrfout_d01_2025-02-09_12:00:00
/home/akioz/MyWRF/output/2025DJF/CTL/wrfout_d01_2025-02-09_18:00:00
/home/akioz/MyWRF/output/2025DJF/CTL/wrfout_d01_2025-02-10_00:00:00
Time: 2025-02-10_00
Back Time: 2025-02-09_18
Front Time: 2025-02-10_06
Read wrfout File 
/home/akioz/MyWRF/output/2025DJF/CTL/wrfout_d01_2025-02-09_18:00:00
/home/akioz/MyWRF/output/2025DJF/CTL/wrfout_d01_2025-02-10_00:00:00
/home/akioz/MyWRF/output/2025DJF/CTL/wrfout_d01_2025-02-10_06:00:00
Time: 2025-02-10_06
Back Time: 2025-02-10_00
Front Time: 2025-02-10_12
Read wrfout File 
/home/akioz/MyWRF/output/2025DJF/CTL/wrfout_d01_2025-02-10_00:00:00
/home/akioz/MyWRF/output/2025DJF/CTL/wrfout_d01_2025-02-10_06:00:00
/home/akioz/MyWRF/output/2025DJF/CTL/wrfout_d01_2025-02-10_12:00:00
Time: 2025-02-10_12
Back Time: 2025-02-10_06
Front Time: 2025-02-10_18
Read wrfout File 
/home/akioz/MyWRF/output/2025DJF/CTL/wrfout_d01_2025-02-10_06:00:00
/home/akioz/MyWRF/output/2025DJF/CTL/wrfout_d01_2025-02-10_12:00:00
/home/akioz/MyWRF/output/2025DJF/CTL/wrfout_d01_2025-02-10_18:00:00
Time: 2025-02-10_18
Back Time: 2025-02-10_12
Front Time: 2025-02-11_00
Read wrfout File 
/home/akioz/MyWRF/output/2025DJF/CTL/wrfout_d01_2025-02-10_12:00:00
/home/akioz/MyWRF/output/2025DJF/CTL/wrfout_d01_2025-02-10_18:00:00
/home/akioz/MyWRF/output/2025DJF/CTL/wrfout_d01_2025-02-11_00:00:00
Time: 2025-02-11_00
Back Time: 2025-02-10_18
Front Time: 2025-02-11_06
Read wrfout File 
/home/akioz/MyWRF/output/2025DJF/CTL/wrfout_d01_2025-02-10_18:00:00
/home/akioz/MyWRF/output/2025DJF/CTL/wrfout_d01_2025-02-11_00:00:00
/home/akioz/MyWRF/output/2025DJF/CTL/wrfout_d01_2025-02-11_06:00:00
Time: 2025-02-11_06
Back Time: 2025-02-11_00
Front Time: 2025-02-11_12
Read wrfout File 
/home/akioz/MyWRF/output/2025DJF/CTL/wrfout_d01_2025-02-11_00:00:00
/home/akioz/MyWRF/output/2025DJF/CTL/wrfout_d01_2025-02-11_06:00:00
/home/akioz/MyWRF/output/2025DJF/CTL/wrfout_d01_2025-02-11_12:00:00
Time: 2025-02-11_12
Back Time: 2025-02-11_06
Front Time: 2025-02-11_18
Read wrfout File 
/home/akioz/MyWRF/output/2025DJF/CTL/wrfout_d01_2025-02-11_06:00:00
/home/akioz/MyWRF/output/2025DJF/CTL/wrfout_d01_2025-02-11_12:00:00
/home/akioz/MyWRF/output/2025DJF/CTL/wrfout_d01_2025-02-11_18:00:00
Time: 2025-02-11_18
Back Time: 2025-02-11_12
Front Time: 2025-02-12_00
Read wrfout File 
/home/akioz/MyWRF/output/2025DJF/CTL/wrfout_d01_2025-02-11_12:00:00
/home/akioz/MyWRF/output/2025DJF/CTL/wrfout_d01_2025-02-11_18:00:00
/home/akioz/MyWRF/output/2025DJF/CTL/wrfout_d01_2025-02-12_00:00:00
Time: 2025-02-12_00
Back Time: 2025-02-11_18
Front Time: 2025-02-12_06
Read wrfout File 
/home/akioz/MyWRF/output/2025DJF/CTL/wrfout_d01_2025-02-11_18:00:00
/home/akioz/MyWRF/output/2025DJF/CTL/wrfout_d01_2025-02-12_00:00:00
/home/akioz/MyWRF/output/2025DJF/CTL/wrfout_d01_2025-02-12_06:00:00
Time: 2025-02-12_06
Back Time: 2025-02-12_00
Front Time: 2025-02-12_12
Read wrfout File 
/home/akioz/MyWRF/output/2025DJF/CTL/wrfout_d01_2025-02-12_00:00:00
/home/akioz/MyWRF/output/2025DJF/CTL/wrfout_d01_2025-02-12_06:00:00
/home/akioz/MyWRF/output/2025DJF/CTL/wrfout_d01_2025-02-12_12:00:00
Time: 2025-02-12_12
Back Time: 2025-02-12_06
Front Time: 2025-02-12_18
Read wrfout File 
/home/akioz/MyWRF/output/2025DJF/CTL/wrfout_d01_2025-02-12_06:00:00
/home/akioz/MyWRF/output/2025DJF/CTL/wrfout_d01_2025-02-12_12:00:00
/home/akioz/MyWRF/output/2025DJF/CTL/wrfout_d01_2025-02-12_18:00:00
Time: 2025-02-12_18
Back Time: 2025-02-12_12
Front Time: 2025-02-13_00
Read wrfout File 
/home/akioz/MyWRF/output/2025DJF/CTL/wrfout_d01_2025-02-12_12:00:00
/home/akioz/MyWRF/output/2025DJF/CTL/wrfout_d01_2025-02-12_18:00:00
/home/akioz/MyWRF/output/2025DJF/CTL/wrfout_d01_2025-02-13_00:00:00
Time: 2025-02-13_00
Back Time: 2025-02-12_18
Front Time: 2025-02-13_06
Read wrfout File 
/home/akioz/MyWRF/output/2025DJF/CTL/wrfout_d01_2025-02-12_18:00:00
/home/akioz/MyWRF/output/2025DJF/CTL/wrfout_d01_2025-02-13_00:00:00
/home/akioz/MyWRF/output/2025DJF/CTL/wrfout_d01_2025-02-13_06:00:00
Time: 2025-02-13_06
Back Time: 2025-02-13_00
Front Time: 2025-02-13_12
Read wrfout File 
/home/akioz/MyWRF/output/2025DJF/CTL/wrfout_d01_2025-02-13_00:00:00
/home/akioz/MyWRF/output/2025DJF/CTL/wrfout_d01_2025-02-13_06:00:00
/home/akioz/MyWRF/output/2025DJF/CTL/wrfout_d01_2025-02-13_12:00:00
Time: 2025-02-13_12
Back Time: 2025-02-13_06
Front Time: 2025-02-13_18
Read wrfout File 
/home/akioz/MyWRF/output/2025DJF/CTL/wrfout_d01_2025-02-13_06:00:00
/home/akioz/MyWRF/output/2025DJF/CTL/wrfout_d01_2025-02-13_12:00:00
/home/akioz/MyWRF/output/2025DJF/CTL/wrfout_d01_2025-02-13_18:00:00
Time: 2025-02-13_18
Back Time: 2025-02-13_12
Front Time: 2025-02-14_00
Read wrfout File 
/home/akioz/MyWRF/output/2025DJF/CTL/wrfout_d01_2025-02-13_12:00:00
/home/akioz/MyWRF/output/2025DJF/CTL/wrfout_d01_2025-02-13_18:00:00
/home/akioz/MyWRF/output/2025DJF/CTL/wrfout_d01_2025-02-14_00:00:00
Time: 2025-02-14_00
Back Time: 2025-02-13_18
Front Time: 2025-02-14_06
Read wrfout File 
/home/akioz/MyWRF/output/2025DJF/CTL/wrfout_d01_2025-02-13_18:00:00
/home/akioz/MyWRF/output/2025DJF/CTL/wrfout_d01_2025-02-14_00:00:00
/home/akioz/MyWRF/output/2025DJF/CTL/wrfout_d01_2025-02-14_06:00:00
Time: 2025-02-14_06
Back Time: 2025-02-14_00
Front Time: 2025-02-14_12
Read wrfout File 
/home/akioz/MyWRF/output/2025DJF/CTL/wrfout_d01_2025-02-14_00:00:00
/home/akioz/MyWRF/output/2025DJF/CTL/wrfout_d01_2025-02-14_06:00:00
/home/akioz/MyWRF/output/2025DJF/CTL/wrfout_d01_2025-02-14_12:00:00
Time: 2025-02-14_12
Back Time: 2025-02-14_06
Front Time: 2025-02-14_18
Read wrfout File 
/home/akioz/MyWRF/output/2025DJF/CTL/wrfout_d01_2025-02-14_06:00:00
/home/akioz/MyWRF/output/2025DJF/CTL/wrfout_d01_2025-02-14_12:00:00
/home/akioz/MyWRF/output/2025DJF/CTL/wrfout_d01_2025-02-14_18:00:00
Time: 2025-02-14_18
Back Time: 2025-02-14_12
Front Time: 2025-02-15_00
Read wrfout File 
/home/akioz/MyWRF/output/2025DJF/CTL/wrfout_d01_2025-02-14_12:00:00
/home/akioz/MyWRF/output/2025DJF/CTL/wrfout_d01_2025-02-14_18:00:00
/home/akioz/MyWRF/output/2025DJF/CTL/wrfout_d01_2025-02-15_00:00:00
Time: 2025-02-15_00
Back Time: 2025-02-14_18
Front Time: 2025-02-15_06
Read wrfout File 
/home/akioz/MyWRF/output/2025DJF/CTL/wrfout_d01_2025-02-14_18:00:00
/home/akioz/MyWRF/output/2025DJF/CTL/wrfout_d01_2025-02-15_00:00:00
/home/akioz/MyWRF/output/2025DJF/CTL/wrfout_d01_2025-02-15_06:00:00
Time: 2025-02-15_06
Back Time: 2025-02-15_00
Front Time: 2025-02-15_12
Read wrfout File 
/home/akioz/MyWRF/output/2025DJF/CTL/wrfout_d01_2025-02-15_00:00:00
/home/akioz/MyWRF/output/2025DJF/CTL/wrfout_d01_2025-02-15_06:00:00
/home/akioz/MyWRF/output/2025DJF/CTL/wrfout_d01_2025-02-15_12:00:00
Time: 2025-02-15_12
Back Time: 2025-02-15_06
Front Time: 2025-02-15_18
Read wrfout File 
/home/akioz/MyWRF/output/2025DJF/CTL/wrfout_d01_2025-02-15_06:00:00
/home/akioz/MyWRF/output/2025DJF/ME00/wrfout_d01_2025-01-31_12:00:00
/home/akioz/MyWRF/output/2025DJF/ME00/wrfout_d01_2025-01-31_18:00:00
/home/akioz/MyWRF/output/2025DJF/ME00/wrfout_d01_2025-02-01_00:00:00
Time: 2025-02-01_00
Back Time: 2025-01-31_18
Front Time: 2025-02-01_06
Read wrfout File 
/home/akioz/MyWRF/output/2025DJF/ME00/wrfout_d01_2025-01-31_18:00:00
/home/akioz/MyWRF/output/2025DJF/ME00/wrfout_d01_2025-02-01_00:00:00
/home/akioz/MyWRF/output/2025DJF/ME00/wrfout_d01_2025-02-01_06:00:00
Time: 2025-02-01_06
Back Time: 2025-02-01_00
Front Time: 2025-02-01_12
Read wrfout File 
/home/akioz/MyWRF/output/2025DJF/ME00/wrfout_d01_2025-02-01_00:00:00
/home/akioz/MyWRF/output/2025DJF/ME00/wrfout_d01_2025-02-01_06:00:00
/home/akioz/MyWRF/output/2025DJF/ME00/wrfout_d01_2025-02-01_12:00:00
Time: 2025-02-01_12
Back Time: 2025-02-01_06
Front Time: 2025-02-01_18
Read wrfout File 
/home/akioz/MyWRF/output/2025DJF/ME00/wrfout_d01_2025-02-01_06:00:00
/home/akioz/MyWRF/output/2025DJF/ME00/wrfout_d01_2025-02-01_12:00:00
/home/akioz/MyWRF/output/2025DJF/ME00/wrfout_d01_2025-02-01_18:00:00
Time: 2025-02-01_18
Back Time: 2025-02-01_12
Front Time: 2025-02-02_00
Read wrfout File 
/home/akioz/MyWRF/output/2025DJF/ME00/wrfout_d01_2025-02-01_12:00:00
/home/akioz/MyWRF/output/2025DJF/ME00/wrfout_d01_2025-02-01_18:00:00
/home/akioz/MyWRF/output/2025DJF/ME00/wrfout_d01_2025-02-02_00:00:00
Time: 2025-02-02_00
Back Time: 2025-02-01_18
Front Time: 2025-02-02_06
Read wrfout File 
/home/akioz/MyWRF/output/2025DJF/ME00/wrfout_d01_2025-02-01_18:00:00
/home/akioz/MyWRF/output/2025DJF/ME00/wrfout_d01_2025-02-02_00:00:00
/home/akioz/MyWRF/output/2025DJF/ME00/wrfout_d01_2025-02-02_06:00:00
Time: 2025-02-02_06
Back Time: 2025-02-02_00
Front Time: 2025-02-02_12
Read wrfout File 
/home/akioz/MyWRF/output/2025DJF/ME00/wrfout_d01_2025-02-02_00:00:00
/home/akioz/MyWRF/output/2025DJF/ME00/wrfout_d01_2025-02-02_06:00:00
/home/akioz/MyWRF/output/2025DJF/ME00/wrfout_d01_2025-02-02_12:00:00
Time: 2025-02-02_12
Back Time: 2025-02-02_06
Front Time: 2025-02-02_18
Read wrfout File 
/home/akioz/MyWRF/output/2025DJF/ME00/wrfout_d01_2025-02-02_06:00:00
/home/akioz/MyWRF/output/2025DJF/ME00/wrfout_d01_2025-02-02_12:00:00
/home/akioz/MyWRF/output/2025DJF/ME00/wrfout_d01_2025-02-02_18:00:00
Time: 2025-02-02_18
Back Time: 2025-02-02_12
Front Time: 2025-02-03_00
Read wrfout File 
/home/akioz/MyWRF/output/2025DJF/ME00/wrfout_d01_2025-02-02_12:00:00
/home/akioz/MyWRF/output/2025DJF/ME00/wrfout_d01_2025-02-02_18:00:00
/home/akioz/MyWRF/output/2025DJF/ME00/wrfout_d01_2025-02-03_00:00:00
Time: 2025-02-03_00
Back Time: 2025-02-02_18
Front Time: 2025-02-03_06
Read wrfout File 
/home/akioz/MyWRF/output/2025DJF/ME00/wrfout_d01_2025-02-02_18:00:00
/home/akioz/MyWRF/output/2025DJF/ME00/wrfout_d01_2025-02-03_00:00:00
/home/akioz/MyWRF/output/2025DJF/ME00/wrfout_d01_2025-02-03_06:00:00
Time: 2025-02-03_06
Back Time: 2025-02-03_00
Front Time: 2025-02-03_12
Read wrfout File 
/home/akioz/MyWRF/output/2025DJF/ME00/wrfout_d01_2025-02-03_00:00:00
/home/akioz/MyWRF/output/2025DJF/ME00/wrfout_d01_2025-02-03_06:00:00
/home/akioz/MyWRF/output/2025DJF/ME00/wrfout_d01_2025-02-03_12:00:00
Time: 2025-02-03_12
Back Time: 2025-02-03_06
Front Time: 2025-02-03_18
Read wrfout File 
/home/akioz/MyWRF/output/2025DJF/ME00/wrfout_d01_2025-02-03_06:00:00
/home/akioz/MyWRF/output/2025DJF/ME00/wrfout_d01_2025-02-03_12:00:00
/home/akioz/MyWRF/output/2025DJF/ME00/wrfout_d01_2025-02-03_18:00:00
Time: 2025-02-03_18
Back Time: 2025-02-03_12
Front Time: 2025-02-04_00
Read wrfout File 
/home/akioz/MyWRF/output/2025DJF/ME00/wrfout_d01_2025-02-03_12:00:00
/home/akioz/MyWRF/output/2025DJF/ME00/wrfout_d01_2025-02-03_18:00:00
/home/akioz/MyWRF/output/2025DJF/ME00/wrfout_d01_2025-02-04_00:00:00
Time: 2025-02-04_00
Back Time: 2025-02-03_18
Front Time: 2025-02-04_06
Read wrfout File 
/home/akioz/MyWRF/output/2025DJF/ME00/wrfout_d01_2025-02-03_18:00:00
/home/akioz/MyWRF/output/2025DJF/ME00/wrfout_d01_2025-02-04_00:00:00
/home/akioz/MyWRF/output/2025DJF/ME00/wrfout_d01_2025-02-04_06:00:00
Time: 2025-02-04_06
Back Time: 2025-02-04_00
Front Time: 2025-02-04_12
Read wrfout File 
/home/akioz/MyWRF/output/2025DJF/ME00/wrfout_d01_2025-02-04_00:00:00
/home/akioz/MyWRF/output/2025DJF/ME00/wrfout_d01_2025-02-04_06:00:00
/home/akioz/MyWRF/output/2025DJF/ME00/wrfout_d01_2025-02-04_12:00:00
Time: 2025-02-04_12
Back Time: 2025-02-04_06
Front Time: 2025-02-04_18
Read wrfout File 
/home/akioz/MyWRF/output/2025DJF/ME00/wrfout_d01_2025-02-04_06:00:00
/home/akioz/MyWRF/output/2025DJF/ME00/wrfout_d01_2025-02-04_12:00:00
/home/akioz/MyWRF/output/2025DJF/ME00/wrfout_d01_2025-02-04_18:00:00
Time: 2025-02-04_18
Back Time: 2025-02-04_12
Front Time: 2025-02-05_00
Read wrfout File 
/home/akioz/MyWRF/output/2025DJF/ME00/wrfout_d01_2025-02-04_12:00:00
/home/akioz/MyWRF/output/2025DJF/ME00/wrfout_d01_2025-02-04_18:00:00
/home/akioz/MyWRF/output/2025DJF/ME00/wrfout_d01_2025-02-05_00:00:00
Time: 2025-02-05_00
Back Time: 2025-02-04_18
Front Time: 2025-02-05_06
Read wrfout File 
/home/akioz/MyWRF/output/2025DJF/ME00/wrfout_d01_2025-02-04_18:00:00
/home/akioz/MyWRF/output/2025DJF/ME00/wrfout_d01_2025-02-05_00:00:00
/home/akioz/MyWRF/output/2025DJF/ME00/wrfout_d01_2025-02-05_06:00:00
Time: 2025-02-05_06
Back Time: 2025-02-05_00
Front Time: 2025-02-05_12
Read wrfout File 
/home/akioz/MyWRF/output/2025DJF/ME00/wrfout_d01_2025-02-05_00:00:00
/home/akioz/MyWRF/output/2025DJF/ME00/wrfout_d01_2025-02-05_06:00:00
/home/akioz/MyWRF/output/2025DJF/ME00/wrfout_d01_2025-02-05_12:00:00
Time: 2025-02-05_12
Back Time: 2025-02-05_06
Front Time: 2025-02-05_18
Read wrfout File 
/home/akioz/MyWRF/output/2025DJF/ME00/wrfout_d01_2025-02-05_06:00:00
/home/akioz/MyWRF/output/2025DJF/ME00/wrfout_d01_2025-02-05_12:00:00
/home/akioz/MyWRF/output/2025DJF/ME00/wrfout_d01_2025-02-05_18:00:00
Time: 2025-02-05_18
Back Time: 2025-02-05_12
Front Time: 2025-02-06_00
Read wrfout File 
/home/akioz/MyWRF/output/2025DJF/ME00/wrfout_d01_2025-02-05_12:00:00
/home/akioz/MyWRF/output/2025DJF/ME00/wrfout_d01_2025-02-05_18:00:00
/home/akioz/MyWRF/output/2025DJF/ME00/wrfout_d01_2025-02-06_00:00:00
Time: 2025-02-06_00
Back Time: 2025-02-05_18
Front Time: 2025-02-06_06
Read wrfout File 
/home/akioz/MyWRF/output/2025DJF/ME00/wrfout_d01_2025-02-05_18:00:00
/home/akioz/MyWRF/output/2025DJF/ME00/wrfout_d01_2025-02-06_00:00:00
/home/akioz/MyWRF/output/2025DJF/ME00/wrfout_d01_2025-02-06_06:00:00
Time: 2025-02-06_06
Back Time: 2025-02-06_00
Front Time: 2025-02-06_12
Read wrfout File 
/home/akioz/MyWRF/output/2025DJF/ME00/wrfout_d01_2025-02-06_00:00:00
/home/akioz/MyWRF/output/2025DJF/ME00/wrfout_d01_2025-02-06_06:00:00
/home/akioz/MyWRF/output/2025DJF/ME00/wrfout_d01_2025-02-06_12:00:00
Time: 2025-02-06_12
Back Time: 2025-02-06_06
Front Time: 2025-02-06_18
Read wrfout File 
/home/akioz/MyWRF/output/2025DJF/ME00/wrfout_d01_2025-02-06_06:00:00
/home/akioz/MyWRF/output/2025DJF/ME00/wrfout_d01_2025-02-06_12:00:00
/home/akioz/MyWRF/output/2025DJF/ME00/wrfout_d01_2025-02-06_18:00:00
Time: 2025-02-06_18
Back Time: 2025-02-06_12
Front Time: 2025-02-07_00
Read wrfout File 
/home/akioz/MyWRF/output/2025DJF/ME00/wrfout_d01_2025-02-06_12:00:00
/home/akioz/MyWRF/output/2025DJF/ME00/wrfout_d01_2025-02-06_18:00:00
/home/akioz/MyWRF/output/2025DJF/ME00/wrfout_d01_2025-02-07_00:00:00
Time: 2025-02-07_00
Back Time: 2025-02-06_18
Front Time: 2025-02-07_06
Read wrfout File 
/home/akioz/MyWRF/output/2025DJF/ME00/wrfout_d01_2025-02-06_18:00:00
/home/akioz/MyWRF/output/2025DJF/ME00/wrfout_d01_2025-02-07_00:00:00
/home/akioz/MyWRF/output/2025DJF/ME00/wrfout_d01_2025-02-07_06:00:00
Time: 2025-02-07_06
Back Time: 2025-02-07_00
Front Time: 2025-02-07_12
Read wrfout File 
/home/akioz/MyWRF/output/2025DJF/ME00/wrfout_d01_2025-02-07_00:00:00
/home/akioz/MyWRF/output/2025DJF/ME00/wrfout_d01_2025-02-07_06:00:00
/home/akioz/MyWRF/output/2025DJF/ME00/wrfout_d01_2025-02-07_12:00:00
Time: 2025-02-07_12
Back Time: 2025-02-07_06
Front Time: 2025-02-07_18
Read wrfout File 
/home/akioz/MyWRF/output/2025DJF/ME00/wrfout_d01_2025-02-07_06:00:00
/home/akioz/MyWRF/output/2025DJF/ME00/wrfout_d01_2025-02-07_12:00:00
/home/akioz/MyWRF/output/2025DJF/CTL/wrfout_d01_2025-02-15_12:00:00
/home/akioz/MyWRF/output/2025DJF/CTL/wrfout_d01_2025-02-15_18:00:00
Time: 2025-02-15_18
Back Time: 2025-02-15_12
Front Time: 2025-02-16_00
Read wrfout File 
/home/akioz/MyWRF/output/2025DJF/CTL/wrfout_d01_2025-02-15_12:00:00
/home/akioz/MyWRF/output/2025DJF/CTL/wrfout_d01_2025-02-15_18:00:00
/home/akioz/MyWRF/output/2025DJF/CTL/wrfout_d01_2025-02-16_00:00:00
Time: 2025-02-16_00
Back Time: 2025-02-15_18
Front Time: 2025-02-16_06
Read wrfout File 
/home/akioz/MyWRF/output/2025DJF/CTL/wrfout_d01_2025-02-15_18:00:00
/home/akioz/MyWRF/output/2025DJF/CTL/wrfout_d01_2025-02-16_00:00:00
/home/akioz/MyWRF/output/2025DJF/CTL/wrfout_d01_2025-02-16_06:00:00
Time: 2025-02-16_06
Back Time: 2025-02-16_00
Front Time: 2025-02-16_12
Read wrfout File 
/home/akioz/MyWRF/output/2025DJF/CTL/wrfout_d01_2025-02-16_00:00:00
/home/akioz/MyWRF/output/2025DJF/CTL/wrfout_d01_2025-02-16_06:00:00
/home/akioz/MyWRF/output/2025DJF/CTL/wrfout_d01_2025-02-16_12:00:00
Time: 2025-02-16_12
Back Time: 2025-02-16_06
Front Time: 2025-02-16_18
Read wrfout File 
/home/akioz/MyWRF/output/2025DJF/CTL/wrfout_d01_2025-02-16_06:00:00
/home/akioz/MyWRF/output/2025DJF/CTL/wrfout_d01_2025-02-16_12:00:00
/home/akioz/MyWRF/output/2025DJF/CTL/wrfout_d01_2025-02-16_18:00:00
Time: 2025-02-16_18
Back Time: 2025-02-16_12
Front Time: 2025-02-17_00
Read wrfout File 
/home/akioz/MyWRF/output/2025DJF/CTL/wrfout_d01_2025-02-16_12:00:00
/home/akioz/MyWRF/output/2025DJF/CTL/wrfout_d01_2025-02-16_18:00:00
/home/akioz/MyWRF/output/2025DJF/CTL/wrfout_d01_2025-02-17_00:00:00
Time: 2025-02-17_00
Back Time: 2025-02-16_18
Front Time: 2025-02-17_06
Read wrfout File 
/home/akioz/MyWRF/output/2025DJF/CTL/wrfout_d01_2025-02-16_18:00:00
/home/akioz/MyWRF/output/2025DJF/CTL/wrfout_d01_2025-02-17_00:00:00
/home/akioz/MyWRF/output/2025DJF/CTL/wrfout_d01_2025-02-17_06:00:00
Time: 2025-02-17_06
Back Time: 2025-02-17_00
Front Time: 2025-02-17_12
Read wrfout File 
/home/akioz/MyWRF/output/2025DJF/CTL/wrfout_d01_2025-02-17_00:00:00
/home/akioz/MyWRF/output/2025DJF/CTL/wrfout_d01_2025-02-17_06:00:00
/home/akioz/MyWRF/output/2025DJF/CTL/wrfout_d01_2025-02-17_12:00:00
Time: 2025-02-17_12
Back Time: 2025-02-17_06
Front Time: 2025-02-17_18
Read wrfout File 
/home/akioz/MyWRF/output/2025DJF/CTL/wrfout_d01_2025-02-17_06:00:00
/home/akioz/MyWRF/output/2025DJF/CTL/wrfout_d01_2025-02-17_12:00:00
/home/akioz/MyWRF/output/2025DJF/CTL/wrfout_d01_2025-02-17_18:00:00
Time: 2025-02-17_18
Back Time: 2025-02-17_12
Front Time: 2025-02-18_00
Read wrfout File 
/home/akioz/MyWRF/output/2025DJF/CTL/wrfout_d01_2025-02-17_12:00:00
/home/akioz/MyWRF/output/2025DJF/CTL/wrfout_d01_2025-02-17_18:00:00
/home/akioz/MyWRF/output/2025DJF/CTL/wrfout_d01_2025-02-18_00:00:00
Time: 2025-02-18_00
Back Time: 2025-02-17_18
Front Time: 2025-02-18_06
Read wrfout File 
/home/akioz/MyWRF/output/2025DJF/CTL/wrfout_d01_2025-02-17_18:00:00
/home/akioz/MyWRF/output/2025DJF/CTL/wrfout_d01_2025-02-18_00:00:00
/home/akioz/MyWRF/output/2025DJF/CTL/wrfout_d01_2025-02-18_06:00:00
Time: 2025-02-18_06
Back Time: 2025-02-18_00
Front Time: 2025-02-18_12
Read wrfout File 
/home/akioz/MyWRF/output/2025DJF/CTL/wrfout_d01_2025-02-18_00:00:00
/home/akioz/MyWRF/output/2025DJF/CTL/wrfout_d01_2025-02-18_06:00:00
/home/akioz/MyWRF/output/2025DJF/CTL/wrfout_d01_2025-02-18_12:00:00
Time: 2025-02-18_12
Back Time: 2025-02-18_06
Front Time: 2025-02-18_18
Read wrfout File 
/home/akioz/MyWRF/output/2025DJF/CTL/wrfout_d01_2025-02-18_06:00:00
/home/akioz/MyWRF/output/2025DJF/CTL/wrfout_d01_2025-02-18_12:00:00
/home/akioz/MyWRF/output/2025DJF/CTL/wrfout_d01_2025-02-18_18:00:00
Time: 2025-02-18_18
Back Time: 2025-02-18_12
Front Time: 2025-02-19_00
Read wrfout File 
/home/akioz/MyWRF/output/2025DJF/CTL/wrfout_d01_2025-02-18_12:00:00
/home/akioz/MyWRF/output/2025DJF/CTL/wrfout_d01_2025-02-18_18:00:00
/home/akioz/MyWRF/output/2025DJF/CTL/wrfout_d01_2025-02-19_00:00:00
Time: 2025-02-19_00
Back Time: 2025-02-18_18
Front Time: 2025-02-19_06
Read wrfout File 
/home/akioz/MyWRF/output/2025DJF/CTL/wrfout_d01_2025-02-18_18:00:00
/home/akioz/MyWRF/output/2025DJF/CTL/wrfout_d01_2025-02-19_00:00:00
/home/akioz/MyWRF/output/2025DJF/CTL/wrfout_d01_2025-02-19_06:00:00
Time: 2025-02-19_06
Back Time: 2025-02-19_00
Front Time: 2025-02-19_12
Read wrfout File 
/home/akioz/MyWRF/output/2025DJF/CTL/wrfout_d01_2025-02-19_00:00:00
/home/akioz/MyWRF/output/2025DJF/CTL/wrfout_d01_2025-02-19_06:00:00
/home/akioz/MyWRF/output/2025DJF/CTL/wrfout_d01_2025-02-19_12:00:00
Time: 2025-02-19_12
Back Time: 2025-02-19_06
Front Time: 2025-02-19_18
Read wrfout File 
/home/akioz/MyWRF/output/2025DJF/CTL/wrfout_d01_2025-02-19_06:00:00
/home/akioz/MyWRF/output/2025DJF/CTL/wrfout_d01_2025-02-19_12:00:00
/home/akioz/MyWRF/output/2025DJF/CTL/wrfout_d01_2025-02-19_18:00:00
Time: 2025-02-19_18
Back Time: 2025-02-19_12
Front Time: 2025-02-20_00
Read wrfout File 
/home/akioz/MyWRF/output/2025DJF/CTL/wrfout_d01_2025-02-19_12:00:00
/home/akioz/MyWRF/output/2025DJF/CTL/wrfout_d01_2025-02-19_18:00:00
/home/akioz/MyWRF/output/2025DJF/CTL/wrfout_d01_2025-02-20_00:00:00
Time: 2025-02-20_00
Back Time: 2025-02-19_18
Front Time: 2025-02-20_06
Read wrfout File 
/home/akioz/MyWRF/output/2025DJF/CTL/wrfout_d01_2025-02-19_18:00:00
/home/akioz/MyWRF/output/2025DJF/CTL/wrfout_d01_2025-02-20_00:00:00
/home/akioz/MyWRF/output/2025DJF/CTL/wrfout_d01_2025-02-20_06:00:00
Time: 2025-02-20_06
Back Time: 2025-02-20_00
Front Time: 2025-02-20_12
Read wrfout File 
/home/akioz/MyWRF/output/2025DJF/CTL/wrfout_d01_2025-02-20_00:00:00
/home/akioz/MyWRF/output/2025DJF/CTL/wrfout_d01_2025-02-20_06:00:00
/home/akioz/MyWRF/output/2025DJF/CTL/wrfout_d01_2025-02-20_12:00:00
Time: 2025-02-20_12
Back Time: 2025-02-20_06
Front Time: 2025-02-20_18
Read wrfout File 
/home/akioz/MyWRF/output/2025DJF/CTL/wrfout_d01_2025-02-20_06:00:00
/home/akioz/MyWRF/output/2025DJF/CTL/wrfout_d01_2025-02-20_12:00:00
/home/akioz/MyWRF/output/2025DJF/CTL/wrfout_d01_2025-02-20_18:00:00
Time: 2025-02-20_18
Back Time: 2025-02-20_12
Front Time: 2025-02-21_00
Read wrfout File 
/home/akioz/MyWRF/output/2025DJF/CTL/wrfout_d01_2025-02-20_12:00:00
/home/akioz/MyWRF/output/2025DJF/CTL/wrfout_d01_2025-02-20_18:00:00
/home/akioz/MyWRF/output/2025DJF/CTL/wrfout_d01_2025-02-21_00:00:00
Time: 2025-02-21_00
Back Time: 2025-02-20_18
Front Time: 2025-02-21_06
Read wrfout File 
/home/akioz/MyWRF/output/2025DJF/CTL/wrfout_d01_2025-02-20_18:00:00
/home/akioz/MyWRF/output/2025DJF/CTL/wrfout_d01_2025-02-21_00:00:00
/home/akioz/MyWRF/output/2025DJF/CTL/wrfout_d01_2025-02-21_06:00:00
Time: 2025-02-21_06
Back Time: 2025-02-21_00
Front Time: 2025-02-21_12
Read wrfout File 
/home/akioz/MyWRF/output/2025DJF/CTL/wrfout_d01_2025-02-21_00:00:00
/home/akioz/MyWRF/output/2025DJF/CTL/wrfout_d01_2025-02-21_06:00:00
/home/akioz/MyWRF/output/2025DJF/CTL/wrfout_d01_2025-02-21_12:00:00
Time: 2025-02-21_12
Back Time: 2025-02-21_06
Front Time: 2025-02-21_18
Read wrfout File 
/home/akioz/MyWRF/output/2025DJF/CTL/wrfout_d01_2025-02-21_06:00:00
/home/akioz/MyWRF/output/2025DJF/CTL/wrfout_d01_2025-02-21_12:00:00
/home/akioz/MyWRF/output/2025DJF/CTL/wrfout_d01_2025-02-21_18:00:00
Time: 2025-02-21_18
Back Time: 2025-02-21_12
Front Time: 2025-02-22_00
Read wrfout File 
/home/akioz/MyWRF/output/2025DJF/CTL/wrfout_d01_2025-02-21_12:00:00
/home/akioz/MyWRF/output/2025DJF/CTL/wrfout_d01_2025-02-21_18:00:00
/home/akioz/MyWRF/output/2025DJF/CTL/wrfout_d01_2025-02-22_00:00:00
Time: 2025-02-22_00
Back Time: 2025-02-21_18
Front Time: 2025-02-22_06
Read wrfout File 
/home/akioz/MyWRF/output/2025DJF/CTL/wrfout_d01_2025-02-21_18:00:00
/home/akioz/MyWRF/output/2025DJF/CTL/wrfout_d01_2025-02-22_00:00:00
/home/akioz/MyWRF/output/2025DJF/CTL/wrfout_d01_2025-02-22_06:00:00
Time: 2025-02-22_06
Back Time: 2025-02-22_00
Front Time: 2025-02-22_12
Read wrfout File 
/home/akioz/MyWRF/output/2025DJF/CTL/wrfout_d01_2025-02-22_00:00:00
/home/akioz/MyWRF/output/2025DJF/CTL/wrfout_d01_2025-02-22_06:00:00
/home/akioz/MyWRF/output/2025DJF/CTL/wrfout_d01_2025-02-22_12:00:00
Time: 2025-02-22_12
Back Time: 2025-02-22_06
Front Time: 2025-02-22_18
Read wrfout File 
/home/akioz/MyWRF/output/2025DJF/CTL/wrfout_d01_2025-02-22_06:00:00
/home/akioz/MyWRF/output/2025DJF/CTL/wrfout_d01_2025-02-22_12:00:00
/home/akioz/MyWRF/output/2025DJF/CTL/wrfout_d01_2025-02-22_18:00:00
Time: 2025-02-22_18
Back Time: 2025-02-22_12
Front Time: 2025-02-23_00
Read wrfout File 
/home/akioz/MyWRF/output/2025DJF/CTL/wrfout_d01_2025-02-22_12:00:00
/home/akioz/MyWRF/output/2025DJF/CTL/wrfout_d01_2025-02-22_18:00:00
/home/akioz/MyWRF/output/2025DJF/CTL/wrfout_d01_2025-02-23_00:00:00
Time: 2025-02-23_00
Back Time: 2025-02-22_18
Front Time: 2025-02-23_06
Read wrfout File 
/home/akioz/MyWRF/output/2025DJF/CTL/wrfout_d01_2025-02-22_18:00:00
/home/akioz/MyWRF/output/2025DJF/CTL/wrfout_d01_2025-02-23_00:00:00
/home/akioz/MyWRF/output/2025DJF/CTL/wrfout_d01_2025-02-23_06:00:00
Time: 2025-02-23_06
Back Time: 2025-02-23_00
Front Time: 2025-02-23_12
Read wrfout File 
/home/akioz/MyWRF/output/2025DJF/CTL/wrfout_d01_2025-02-23_00:00:00
/home/akioz/MyWRF/output/2025DJF/CTL/wrfout_d01_2025-02-23_06:00:00
/home/akioz/MyWRF/output/2025DJF/CTL/wrfout_d01_2025-02-23_12:00:00
Time: 2025-02-23_12
Back Time: 2025-02-23_06
Front Time: 2025-02-23_18
Read wrfout File 
/home/akioz/MyWRF/output/2025DJF/CTL/wrfout_d01_2025-02-23_06:00:00
/home/akioz/MyWRF/output/2025DJF/CTL/wrfout_d01_2025-02-23_12:00:00
/home/akioz/MyWRF/output/2025DJF/CTL/wrfout_d01_2025-02-23_18:00:00
Time: 2025-02-23_18
Back Time: 2025-02-23_12
Front Time: 2025-02-24_00
Read wrfout File 
/home/akioz/MyWRF/output/2025DJF/CTL/wrfout_d01_2025-02-23_12:00:00
/home/akioz/MyWRF/output/2025DJF/CTL/wrfout_d01_2025-02-23_18:00:00
/home/akioz/MyWRF/output/2025DJF/CTL/wrfout_d01_2025-02-24_00:00:00
Time: 2025-02-24_00
Back Time: 2025-02-23_18
Front Time: 2025-02-24_06
Read wrfout File 
/home/akioz/MyWRF/output/2025DJF/CTL/wrfout_d01_2025-02-23_18:00:00
/home/akioz/MyWRF/output/2025DJF/CTL/wrfout_d01_2025-02-24_00:00:00
/home/akioz/MyWRF/output/2025DJF/CTL/wrfout_d01_2025-02-24_06:00:00
Time: 2025-02-24_06
Back Time: 2025-02-24_00
Front Time: 2025-02-24_12
Read wrfout File 
/home/akioz/MyWRF/output/2025DJF/CTL/wrfout_d01_2025-02-24_00:00:00
/home/akioz/MyWRF/output/2025DJF/CTL/wrfout_d01_2025-02-24_06:00:00
/home/akioz/MyWRF/output/2025DJF/CTL/wrfout_d01_2025-02-24_12:00:00
Time: 2025-02-24_12
Back Time: 2025-02-24_06
Front Time: 2025-02-24_18
Read wrfout File 
/home/akioz/MyWRF/output/2025DJF/CTL/wrfout_d01_2025-02-24_06:00:00
/home/akioz/MyWRF/output/2025DJF/CTL/wrfout_d01_2025-02-24_12:00:00
/home/akioz/MyWRF/output/2025DJF/CTL/wrfout_d01_2025-02-24_18:00:00
Time: 2025-02-24_18
Back Time: 2025-02-24_12
Front Time: 2025-02-25_00
Read wrfout File 
/home/akioz/MyWRF/output/2025DJF/CTL/wrfout_d01_2025-02-24_12:00:00
/home/akioz/MyWRF/output/2025DJF/CTL/wrfout_d01_2025-02-24_18:00:00
/home/akioz/MyWRF/output/2025DJF/CTL/wrfout_d01_2025-02-25_00:00:00
Time: 2025-02-25_00
Back Time: 2025-02-24_18
Front Time: 2025-02-25_06
Read wrfout File 
/home/akioz/MyWRF/output/2025DJF/CTL/wrfout_d01_2025-02-24_18:00:00
/home/akioz/MyWRF/output/2025DJF/CTL/wrfout_d01_2025-02-25_00:00:00
/home/akioz/MyWRF/output/2025DJF/CTL/wrfout_d01_2025-02-25_06:00:00
Time: 2025-02-25_06
Back Time: 2025-02-25_00
Front Time: 2025-02-25_12
Read wrfout File 
/home/akioz/MyWRF/output/2025DJF/CTL/wrfout_d01_2025-02-25_00:00:00
/home/akioz/MyWRF/output/2025DJF/CTL/wrfout_d01_2025-02-25_06:00:00
/home/akioz/MyWRF/output/2025DJF/CTL/wrfout_d01_2025-02-25_12:00:00
Time: 2025-02-25_12
Back Time: 2025-02-25_06
Front Time: 2025-02-25_18
Read wrfout File 
/home/akioz/MyWRF/output/2025DJF/CTL/wrfout_d01_2025-02-25_06:00:00
/home/akioz/MyWRF/output/2025DJF/CTL/wrfout_d01_2025-02-25_12:00:00
/home/akioz/MyWRF/output/2025DJF/CTL/wrfout_d01_2025-02-25_18:00:00
Time: 2025-02-25_18
Back Time: 2025-02-25_12
Front Time: 2025-02-26_00
Read wrfout File 
/home/akioz/MyWRF/output/2025DJF/CTL/wrfout_d01_2025-02-25_12:00:00
/home/akioz/MyWRF/output/2025DJF/CTL/wrfout_d01_2025-02-25_18:00:00
/home/akioz/MyWRF/output/2025DJF/CTL/wrfout_d01_2025-02-26_00:00:00
Time: 2025-02-26_00
Back Time: 2025-02-25_18
Front Time: 2025-02-26_06
Read wrfout File 
/home/akioz/MyWRF/output/2025DJF/CTL/wrfout_d01_2025-02-25_18:00:00
/home/akioz/MyWRF/output/2025DJF/CTL/wrfout_d01_2025-02-26_00:00:00
/home/akioz/MyWRF/output/2025DJF/CTL/wrfout_d01_2025-02-26_06:00:00
Time: 2025-02-26_06
Back Time: 2025-02-26_00
Front Time: 2025-02-26_12
Read wrfout File 
/home/akioz/MyWRF/output/2025DJF/CTL/wrfout_d01_2025-02-26_00:00:00
/home/akioz/MyWRF/output/2025DJF/CTL/wrfout_d01_2025-02-26_06:00:00
/home/akioz/MyWRF/output/2025DJF/CTL/wrfout_d01_2025-02-26_12:00:00
Time: 2025-02-26_12
Back Time: 2025-02-26_06
Front Time: 2025-02-26_18
Read wrfout File 
/home/akioz/MyWRF/output/2025DJF/CTL/wrfout_d01_2025-02-26_06:00:00
/home/akioz/MyWRF/output/2025DJF/CTL/wrfout_d01_2025-02-26_12:00:00
/home/akioz/MyWRF/output/2025DJF/CTL/wrfout_d01_2025-02-26_18:00:00
Time: 2025-02-26_18
Back Time: 2025-02-26_12
Front Time: 2025-02-27_00
Read wrfout File 
/home/akioz/MyWRF/output/2025DJF/CTL/wrfout_d01_2025-02-26_12:00:00
/home/akioz/MyWRF/output/2025DJF/CTL/wrfout_d01_2025-02-26_18:00:00
/home/akioz/MyWRF/output/2025DJF/CTL/wrfout_d01_2025-02-27_00:00:00
Time: 2025-02-27_00
Back Time: 2025-02-26_18
Front Time: 2025-02-27_06
Read wrfout File 
/home/akioz/MyWRF/output/2025DJF/CTL/wrfout_d01_2025-02-26_18:00:00
/home/akioz/MyWRF/output/2025DJF/CTL/wrfout_d01_2025-02-27_00:00:00
/home/akioz/MyWRF/output/2025DJF/CTL/wrfout_d01_2025-02-27_06:00:00
Time: 2025-02-27_06
Back Time: 2025-02-27_00
Front Time: 2025-02-27_12
Read wrfout File 
/home/akioz/MyWRF/output/2025DJF/CTL/wrfout_d01_2025-02-27_00:00:00
/home/akioz/MyWRF/output/2025DJF/CTL/wrfout_d01_2025-02-27_06:00:00
/home/akioz/MyWRF/output/2025DJF/CTL/wrfout_d01_2025-02-27_12:00:00
Time: 2025-02-27_12
Back Time: 2025-02-27_06
Front Time: 2025-02-27_18
Read wrfout File 
/home/akioz/MyWRF/output/2025DJF/CTL/wrfout_d01_2025-02-27_06:00:00
/home/akioz/MyWRF/output/2025DJF/CTL/wrfout_d01_2025-02-27_12:00:00
/home/akioz/MyWRF/output/2025DJF/CTL/wrfout_d01_2025-02-27_18:00:00
Time: 2025-02-27_18
Back Time: 2025-02-27_12
Front Time: 2025-02-28_00
Read wrfout File 
/home/akioz/MyWRF/output/2025DJF/CTL/wrfout_d01_2025-02-27_12:00:00
/home/akioz/MyWRF/output/2025DJF/CTL/wrfout_d01_2025-02-27_18:00:00
/home/akioz/MyWRF/output/2025DJF/CTL/wrfout_d01_2025-02-28_00:00:00
Time: 2025-02-28_00
Back Time: 2025-02-27_18
Front Time: 2025-02-28_06
Read wrfout File 
/home/akioz/MyWRF/output/2025DJF/CTL/wrfout_d01_2025-02-27_18:00:00
/home/akioz/MyWRF/output/2025DJF/CTL/wrfout_d01_2025-02-28_00:00:00
/home/akioz/MyWRF/output/2025DJF/CTL/wrfout_d01_2025-02-28_06:00:00
Time: 2025-02-28_06
Back Time: 2025-02-28_00
Front Time: 2025-02-28_12
Read wrfout File 
/home/akioz/MyWRF/output/2025DJF/CTL/wrfout_d01_2025-02-28_00:00:00
/home/akioz/MyWRF/output/2025DJF/CTL/wrfout_d01_2025-02-28_06:00:00
/home/akioz/MyWRF/output/2025DJF/CTL/wrfout_d01_2025-02-28_12:00:00
Time: 2025-02-28_12
Back Time: 2025-02-28_06
Front Time: 2025-02-28_18
Read wrfout File 
/home/akioz/MyWRF/output/2025DJF/CTL/wrfout_d01_2025-02-28_06:00:00
/home/akioz/MyWRF/output/2025DJF/CTL/wrfout_d01_2025-02-28_12:00:00
/home/akioz/MyWRF/output/2025DJF/CTL/wrfout_d01_2025-02-28_18:00:00
Time: 2025-02-28_18
Back Time: 2025-02-28_12
Front Time: 2025-03-01_00
Read wrfout File 
/home/akioz/MyWRF/output/2025DJF/CTL/wrfout_d01_2025-02-28_12:00:00
/home/akioz/MyWRF/output/2025DJF/CTL/wrfout_d01_2025-02-28_18:00:00
/home/akioz/MyWRF/output/2025DJF/CTL/wrfout_d01_2025-03-01_00:00:00
Save File /home/akioz/calculate/wrf/2025DJF/CTL2025DJF_aslp_at2.nc
End Program
102.05user 10.51system 1:50.64elapsed 101%CPU (0avgtext+0avgdata 400580maxresident)k
232inputs+93896outputs (4major+6042724minor)pagefaults 0swaps
/home/akioz/MyWRF/output/2025DJF/ME00/wrfout_d01_2025-02-07_18:00:00
Time: 2025-02-07_18
Back Time: 2025-02-07_12
Front Time: 2025-02-08_00
Read wrfout File 
/home/akioz/MyWRF/output/2025DJF/ME00/wrfout_d01_2025-02-07_12:00:00
/home/akioz/MyWRF/output/2025DJF/ME00/wrfout_d01_2025-02-07_18:00:00
/home/akioz/MyWRF/output/2025DJF/ME00/wrfout_d01_2025-02-08_00:00:00
Time: 2025-02-08_00
Back Time: 2025-02-07_18
Front Time: 2025-02-08_06
Read wrfout File 
/home/akioz/MyWRF/output/2025DJF/ME00/wrfout_d01_2025-02-07_18:00:00
/home/akioz/MyWRF/output/2025DJF/ME00/wrfout_d01_2025-02-08_00:00:00
/home/akioz/MyWRF/output/2025DJF/ME00/wrfout_d01_2025-02-08_06:00:00
Time: 2025-02-08_06
Back Time: 2025-02-08_00
Front Time: 2025-02-08_12
Read wrfout File 
/home/akioz/MyWRF/output/2025DJF/ME00/wrfout_d01_2025-02-08_00:00:00
/home/akioz/MyWRF/output/2025DJF/ME00/wrfout_d01_2025-02-08_06:00:00
/home/akioz/MyWRF/output/2025DJF/ME00/wrfout_d01_2025-02-08_12:00:00
Time: 2025-02-08_12
Back Time: 2025-02-08_06
Front Time: 2025-02-08_18
Read wrfout File 
/home/akioz/MyWRF/output/2025DJF/ME00/wrfout_d01_2025-02-08_06:00:00
/home/akioz/MyWRF/output/2025DJF/ME00/wrfout_d01_2025-02-08_12:00:00
/home/akioz/MyWRF/output/2025DJF/ME00/wrfout_d01_2025-02-08_18:00:00
Time: 2025-02-08_18
Back Time: 2025-02-08_12
Front Time: 2025-02-09_00
Read wrfout File 
/home/akioz/MyWRF/output/2025DJF/ME00/wrfout_d01_2025-02-08_12:00:00
/home/akioz/MyWRF/output/2025DJF/ME00/wrfout_d01_2025-02-08_18:00:00
/home/akioz/MyWRF/output/2025DJF/ME00/wrfout_d01_2025-02-09_00:00:00
Time: 2025-02-09_00
Back Time: 2025-02-08_18
Front Time: 2025-02-09_06
Read wrfout File 
/home/akioz/MyWRF/output/2025DJF/ME00/wrfout_d01_2025-02-08_18:00:00
/home/akioz/MyWRF/output/2025DJF/ME00/wrfout_d01_2025-02-09_00:00:00
/home/akioz/MyWRF/output/2025DJF/ME00/wrfout_d01_2025-02-09_06:00:00
Time: 2025-02-09_06
Back Time: 2025-02-09_00
Front Time: 2025-02-09_12
Read wrfout File 
/home/akioz/MyWRF/output/2025DJF/ME00/wrfout_d01_2025-02-09_00:00:00
/home/akioz/MyWRF/output/2025DJF/ME00/wrfout_d01_2025-02-09_06:00:00
/home/akioz/MyWRF/output/2025DJF/ME00/wrfout_d01_2025-02-09_12:00:00
Time: 2025-02-09_12
Back Time: 2025-02-09_06
Front Time: 2025-02-09_18
Read wrfout File 
/home/akioz/MyWRF/output/2025DJF/ME00/wrfout_d01_2025-02-09_06:00:00
/home/akioz/MyWRF/output/2025DJF/ME00/wrfout_d01_2025-02-09_12:00:00
/home/akioz/MyWRF/output/2025DJF/ME00/wrfout_d01_2025-02-09_18:00:00
Time: 2025-02-09_18
Back Time: 2025-02-09_12
Front Time: 2025-02-10_00
Read wrfout File 
/home/akioz/MyWRF/output/2025DJF/ME00/wrfout_d01_2025-02-09_12:00:00
/home/akioz/MyWRF/output/2025DJF/ME00/wrfout_d01_2025-02-09_18:00:00
/home/akioz/MyWRF/output/2025DJF/ME00/wrfout_d01_2025-02-10_00:00:00
Time: 2025-02-10_00
Back Time: 2025-02-09_18
Front Time: 2025-02-10_06
Read wrfout File 
/home/akioz/MyWRF/output/2025DJF/ME00/wrfout_d01_2025-02-09_18:00:00
/home/akioz/MyWRF/output/2025DJF/ME00/wrfout_d01_2025-02-10_00:00:00
/home/akioz/MyWRF/output/2025DJF/ME00/wrfout_d01_2025-02-10_06:00:00
Time: 2025-02-10_06
Back Time: 2025-02-10_00
Front Time: 2025-02-10_12
Read wrfout File 
/home/akioz/MyWRF/output/2025DJF/ME00/wrfout_d01_2025-02-10_00:00:00
/home/akioz/MyWRF/output/2025DJF/ME00/wrfout_d01_2025-02-10_06:00:00
/home/akioz/MyWRF/output/2025DJF/ME00/wrfout_d01_2025-02-10_12:00:00
Time: 2025-02-10_12
Back Time: 2025-02-10_06
Front Time: 2025-02-10_18
Read wrfout File 
/home/akioz/MyWRF/output/2025DJF/ME00/wrfout_d01_2025-02-10_06:00:00
/home/akioz/MyWRF/output/2025DJF/ME00/wrfout_d01_2025-02-10_12:00:00
/home/akioz/MyWRF/output/2025DJF/ME00/wrfout_d01_2025-02-10_18:00:00
Time: 2025-02-10_18
Back Time: 2025-02-10_12
Front Time: 2025-02-11_00
Read wrfout File 
/home/akioz/MyWRF/output/2025DJF/ME00/wrfout_d01_2025-02-10_12:00:00
/home/akioz/MyWRF/output/2025DJF/ME00/wrfout_d01_2025-02-10_18:00:00
/home/akioz/MyWRF/output/2025DJF/ME00/wrfout_d01_2025-02-11_00:00:00
Time: 2025-02-11_00
Back Time: 2025-02-10_18
Front Time: 2025-02-11_06
Read wrfout File 
/home/akioz/MyWRF/output/2025DJF/ME00/wrfout_d01_2025-02-10_18:00:00
/home/akioz/MyWRF/output/2025DJF/ME00/wrfout_d01_2025-02-11_00:00:00
/home/akioz/MyWRF/output/2025DJF/ME00/wrfout_d01_2025-02-11_06:00:00
Time: 2025-02-11_06
Back Time: 2025-02-11_00
Front Time: 2025-02-11_12
Read wrfout File 
/home/akioz/MyWRF/output/2025DJF/ME00/wrfout_d01_2025-02-11_00:00:00
/home/akioz/MyWRF/output/2025DJF/ME00/wrfout_d01_2025-02-11_06:00:00
/home/akioz/MyWRF/output/2025DJF/ME00/wrfout_d01_2025-02-11_12:00:00
Time: 2025-02-11_12
Back Time: 2025-02-11_06
Front Time: 2025-02-11_18
Read wrfout File 
/home/akioz/MyWRF/output/2025DJF/ME00/wrfout_d01_2025-02-11_06:00:00
/home/akioz/MyWRF/output/2025DJF/ME00/wrfout_d01_2025-02-11_12:00:00
/home/akioz/MyWRF/output/2025DJF/ME00/wrfout_d01_2025-02-11_18:00:00
Time: 2025-02-11_18
Back Time: 2025-02-11_12
Front Time: 2025-02-12_00
Read wrfout File 
/home/akioz/MyWRF/output/2025DJF/ME00/wrfout_d01_2025-02-11_12:00:00
/home/akioz/MyWRF/output/2025DJF/ME00/wrfout_d01_2025-02-11_18:00:00
/home/akioz/MyWRF/output/2025DJF/ME00/wrfout_d01_2025-02-12_00:00:00
Time: 2025-02-12_00
Back Time: 2025-02-11_18
Front Time: 2025-02-12_06
Read wrfout File 
/home/akioz/MyWRF/output/2025DJF/ME00/wrfout_d01_2025-02-11_18:00:00
/home/akioz/MyWRF/output/2025DJF/ME00/wrfout_d01_2025-02-12_00:00:00
/home/akioz/MyWRF/output/2025DJF/ME00/wrfout_d01_2025-02-12_06:00:00
Time: 2025-02-12_06
Back Time: 2025-02-12_00
Front Time: 2025-02-12_12
Read wrfout File 
/home/akioz/MyWRF/output/2025DJF/ME00/wrfout_d01_2025-02-12_00:00:00
/home/akioz/MyWRF/output/2025DJF/ME00/wrfout_d01_2025-02-12_06:00:00
/home/akioz/MyWRF/output/2025DJF/ME00/wrfout_d01_2025-02-12_12:00:00
Time: 2025-02-12_12
Back Time: 2025-02-12_06
Front Time: 2025-02-12_18
Read wrfout File 
/home/akioz/MyWRF/output/2025DJF/ME00/wrfout_d01_2025-02-12_06:00:00
/home/akioz/MyWRF/output/2025DJF/ME00/wrfout_d01_2025-02-12_12:00:00
/home/akioz/MyWRF/output/2025DJF/ME00/wrfout_d01_2025-02-12_18:00:00
Time: 2025-02-12_18
Back Time: 2025-02-12_12
Front Time: 2025-02-13_00
Read wrfout File 
/home/akioz/MyWRF/output/2025DJF/ME00/wrfout_d01_2025-02-12_12:00:00
/home/akioz/MyWRF/output/2025DJF/ME00/wrfout_d01_2025-02-12_18:00:00
/home/akioz/MyWRF/output/2025DJF/ME00/wrfout_d01_2025-02-13_00:00:00
Time: 2025-02-13_00
Back Time: 2025-02-12_18
Front Time: 2025-02-13_06
Read wrfout File 
/home/akioz/MyWRF/output/2025DJF/ME00/wrfout_d01_2025-02-12_18:00:00
/home/akioz/MyWRF/output/2025DJF/ME00/wrfout_d01_2025-02-13_00:00:00
/home/akioz/MyWRF/output/2025DJF/ME00/wrfout_d01_2025-02-13_06:00:00
Time: 2025-02-13_06
Back Time: 2025-02-13_00
Front Time: 2025-02-13_12
Read wrfout File 
/home/akioz/MyWRF/output/2025DJF/ME00/wrfout_d01_2025-02-13_00:00:00
/home/akioz/MyWRF/output/2025DJF/ME00/wrfout_d01_2025-02-13_06:00:00
/home/akioz/MyWRF/output/2025DJF/ME00/wrfout_d01_2025-02-13_12:00:00
Time: 2025-02-13_12
Back Time: 2025-02-13_06
Front Time: 2025-02-13_18
Read wrfout File 
/home/akioz/MyWRF/output/2025DJF/ME00/wrfout_d01_2025-02-13_06:00:00
/home/akioz/MyWRF/output/2025DJF/ME00/wrfout_d01_2025-02-13_12:00:00
/home/akioz/MyWRF/output/2025DJF/ME00/wrfout_d01_2025-02-13_18:00:00
Time: 2025-02-13_18
Back Time: 2025-02-13_12
Front Time: 2025-02-14_00
Read wrfout File 
/home/akioz/MyWRF/output/2025DJF/ME00/wrfout_d01_2025-02-13_12:00:00
/home/akioz/MyWRF/output/2025DJF/ME00/wrfout_d01_2025-02-13_18:00:00
/home/akioz/MyWRF/output/2025DJF/ME00/wrfout_d01_2025-02-14_00:00:00
Time: 2025-02-14_00
Back Time: 2025-02-13_18
Front Time: 2025-02-14_06
Read wrfout File 
/home/akioz/MyWRF/output/2025DJF/ME00/wrfout_d01_2025-02-13_18:00:00
/home/akioz/MyWRF/output/2025DJF/ME00/wrfout_d01_2025-02-14_00:00:00
/home/akioz/MyWRF/output/2025DJF/ME00/wrfout_d01_2025-02-14_06:00:00
Time: 2025-02-14_06
Back Time: 2025-02-14_00
Front Time: 2025-02-14_12
Read wrfout File 
/home/akioz/MyWRF/output/2025DJF/ME00/wrfout_d01_2025-02-14_00:00:00
/home/akioz/MyWRF/output/2025DJF/ME00/wrfout_d01_2025-02-14_06:00:00
/home/akioz/MyWRF/output/2025DJF/ME00/wrfout_d01_2025-02-14_12:00:00
Time: 2025-02-14_12
Back Time: 2025-02-14_06
Front Time: 2025-02-14_18
Read wrfout File 
/home/akioz/MyWRF/output/2025DJF/ME00/wrfout_d01_2025-02-14_06:00:00
/home/akioz/MyWRF/output/2025DJF/ME00/wrfout_d01_2025-02-14_12:00:00
/home/akioz/MyWRF/output/2025DJF/ME00/wrfout_d01_2025-02-14_18:00:00
Time: 2025-02-14_18
Back Time: 2025-02-14_12
Front Time: 2025-02-15_00
Read wrfout File 
/home/akioz/MyWRF/output/2025DJF/ME00/wrfout_d01_2025-02-14_12:00:00
/home/akioz/MyWRF/output/2025DJF/ME00/wrfout_d01_2025-02-14_18:00:00
/home/akioz/MyWRF/output/2025DJF/ME00/wrfout_d01_2025-02-15_00:00:00
Time: 2025-02-15_00
Back Time: 2025-02-14_18
Front Time: 2025-02-15_06
Read wrfout File 
/home/akioz/MyWRF/output/2025DJF/ME00/wrfout_d01_2025-02-14_18:00:00
/home/akioz/MyWRF/output/2025DJF/ME00/wrfout_d01_2025-02-15_00:00:00
/home/akioz/MyWRF/output/2025DJF/ME00/wrfout_d01_2025-02-15_06:00:00
Time: 2025-02-15_06
Back Time: 2025-02-15_00
Front Time: 2025-02-15_12
Read wrfout File 
/home/akioz/MyWRF/output/2025DJF/ME00/wrfout_d01_2025-02-15_00:00:00
/home/akioz/MyWRF/output/2025DJF/ME00/wrfout_d01_2025-02-15_06:00:00
/home/akioz/MyWRF/output/2025DJF/ME00/wrfout_d01_2025-02-15_12:00:00
Time: 2025-02-15_12
Back Time: 2025-02-15_06
Front Time: 2025-02-15_18
Read wrfout File 
/home/akioz/MyWRF/output/2025DJF/ME00/wrfout_d01_2025-02-15_06:00:00
/home/akioz/MyWRF/output/2025DJF/ME00/wrfout_d01_2025-02-15_12:00:00
/home/akioz/MyWRF/output/2025DJF/ME00/wrfout_d01_2025-02-15_18:00:00
Time: 2025-02-15_18
Back Time: 2025-02-15_12
Front Time: 2025-02-16_00
Read wrfout File 
/home/akioz/MyWRF/output/2025DJF/ME00/wrfout_d01_2025-02-15_12:00:00
/home/akioz/MyWRF/output/2025DJF/ME00/wrfout_d01_2025-02-15_18:00:00
/home/akioz/MyWRF/output/2025DJF/ME00/wrfout_d01_2025-02-16_00:00:00
Time: 2025-02-16_00
Back Time: 2025-02-15_18
Front Time: 2025-02-16_06
Read wrfout File 
/home/akioz/MyWRF/output/2025DJF/ME00/wrfout_d01_2025-02-15_18:00:00
/home/akioz/MyWRF/output/2025DJF/ME00/wrfout_d01_2025-02-16_00:00:00
/home/akioz/MyWRF/output/2025DJF/ME00/wrfout_d01_2025-02-16_06:00:00
Time: 2025-02-16_06
Back Time: 2025-02-16_00
Front Time: 2025-02-16_12
Read wrfout File 
/home/akioz/MyWRF/output/2025DJF/ME00/wrfout_d01_2025-02-16_00:00:00
/home/akioz/MyWRF/output/2025DJF/ME00/wrfout_d01_2025-02-16_06:00:00
/home/akioz/MyWRF/output/2025DJF/ME00/wrfout_d01_2025-02-16_12:00:00
Time: 2025-02-16_12
Back Time: 2025-02-16_06
Front Time: 2025-02-16_18
Read wrfout File 
/home/akioz/MyWRF/output/2025DJF/ME00/wrfout_d01_2025-02-16_06:00:00
/home/akioz/MyWRF/output/2025DJF/ME00/wrfout_d01_2025-02-16_12:00:00
/home/akioz/MyWRF/output/2025DJF/ME00/wrfout_d01_2025-02-16_18:00:00
Time: 2025-02-16_18
Back Time: 2025-02-16_12
Front Time: 2025-02-17_00
Read wrfout File 
/home/akioz/MyWRF/output/2025DJF/ME00/wrfout_d01_2025-02-16_12:00:00
/home/akioz/MyWRF/output/2025DJF/ME00/wrfout_d01_2025-02-16_18:00:00
/home/akioz/MyWRF/output/2025DJF/ME00/wrfout_d01_2025-02-17_00:00:00
Time: 2025-02-17_00
Back Time: 2025-02-16_18
Front Time: 2025-02-17_06
Read wrfout File 
/home/akioz/MyWRF/output/2025DJF/ME00/wrfout_d01_2025-02-16_18:00:00
/home/akioz/MyWRF/output/2025DJF/ME00/wrfout_d01_2025-02-17_00:00:00
/home/akioz/MyWRF/output/2025DJF/ME00/wrfout_d01_2025-02-17_06:00:00
Time: 2025-02-17_06
Back Time: 2025-02-17_00
Front Time: 2025-02-17_12
Read wrfout File 
/home/akioz/MyWRF/output/2025DJF/ME00/wrfout_d01_2025-02-17_00:00:00
/home/akioz/MyWRF/output/2025DJF/ME00/wrfout_d01_2025-02-17_06:00:00
/home/akioz/MyWRF/output/2025DJF/ME00/wrfout_d01_2025-02-17_12:00:00
Time: 2025-02-17_12
Back Time: 2025-02-17_06
Front Time: 2025-02-17_18
Read wrfout File 
/home/akioz/MyWRF/output/2025DJF/ME00/wrfout_d01_2025-02-17_06:00:00
/home/akioz/MyWRF/output/2025DJF/ME00/wrfout_d01_2025-02-17_12:00:00
/home/akioz/MyWRF/output/2025DJF/ME00/wrfout_d01_2025-02-17_18:00:00
Time: 2025-02-17_18
Back Time: 2025-02-17_12
Front Time: 2025-02-18_00
Read wrfout File 
/home/akioz/MyWRF/output/2025DJF/ME00/wrfout_d01_2025-02-17_12:00:00
/home/akioz/MyWRF/output/2025DJF/ME00/wrfout_d01_2025-02-17_18:00:00
/home/akioz/MyWRF/output/2025DJF/ME00/wrfout_d01_2025-02-18_00:00:00
Time: 2025-02-18_00
Back Time: 2025-02-17_18
Front Time: 2025-02-18_06
Read wrfout File 
/home/akioz/MyWRF/output/2025DJF/ME00/wrfout_d01_2025-02-17_18:00:00
/home/akioz/MyWRF/output/2025DJF/ME00/wrfout_d01_2025-02-18_00:00:00
/home/akioz/MyWRF/output/2025DJF/ME00/wrfout_d01_2025-02-18_06:00:00
Time: 2025-02-18_06
Back Time: 2025-02-18_00
Front Time: 2025-02-18_12
Read wrfout File 
/home/akioz/MyWRF/output/2025DJF/ME00/wrfout_d01_2025-02-18_00:00:00
/home/akioz/MyWRF/output/2025DJF/ME00/wrfout_d01_2025-02-18_06:00:00
/home/akioz/MyWRF/output/2025DJF/ME00/wrfout_d01_2025-02-18_12:00:00
Time: 2025-02-18_12
Back Time: 2025-02-18_06
Front Time: 2025-02-18_18
Read wrfout File 
/home/akioz/MyWRF/output/2025DJF/ME00/wrfout_d01_2025-02-18_06:00:00
/home/akioz/MyWRF/output/2025DJF/ME00/wrfout_d01_2025-02-18_12:00:00
/home/akioz/MyWRF/output/2025DJF/ME00/wrfout_d01_2025-02-18_18:00:00
Time: 2025-02-18_18
Back Time: 2025-02-18_12
Front Time: 2025-02-19_00
Read wrfout File 
/home/akioz/MyWRF/output/2025DJF/ME00/wrfout_d01_2025-02-18_12:00:00
/home/akioz/MyWRF/output/2025DJF/ME00/wrfout_d01_2025-02-18_18:00:00
/home/akioz/MyWRF/output/2025DJF/ME00/wrfout_d01_2025-02-19_00:00:00
Time: 2025-02-19_00
Back Time: 2025-02-18_18
Front Time: 2025-02-19_06
Read wrfout File 
/home/akioz/MyWRF/output/2025DJF/ME00/wrfout_d01_2025-02-18_18:00:00
/home/akioz/MyWRF/output/2025DJF/ME00/wrfout_d01_2025-02-19_00:00:00
/home/akioz/MyWRF/output/2025DJF/ME00/wrfout_d01_2025-02-19_06:00:00
Time: 2025-02-19_06
Back Time: 2025-02-19_00
Front Time: 2025-02-19_12
Read wrfout File 
/home/akioz/MyWRF/output/2025DJF/ME00/wrfout_d01_2025-02-19_00:00:00
/home/akioz/MyWRF/output/2025DJF/ME00/wrfout_d01_2025-02-19_06:00:00
/home/akioz/MyWRF/output/2025DJF/ME00/wrfout_d01_2025-02-19_12:00:00
Time: 2025-02-19_12
Back Time: 2025-02-19_06
Front Time: 2025-02-19_18
Read wrfout File 
/home/akioz/MyWRF/output/2025DJF/ME00/wrfout_d01_2025-02-19_06:00:00
/home/akioz/MyWRF/output/2025DJF/ME00/wrfout_d01_2025-02-19_12:00:00
/home/akioz/MyWRF/output/2025DJF/ME00/wrfout_d01_2025-02-19_18:00:00
Time: 2025-02-19_18
Back Time: 2025-02-19_12
Front Time: 2025-02-20_00
Read wrfout File 
/home/akioz/MyWRF/output/2025DJF/ME00/wrfout_d01_2025-02-19_12:00:00
/home/akioz/MyWRF/output/2025DJF/ME00/wrfout_d01_2025-02-19_18:00:00
/home/akioz/MyWRF/output/2025DJF/ME00/wrfout_d01_2025-02-20_00:00:00
Time: 2025-02-20_00
Back Time: 2025-02-19_18
Front Time: 2025-02-20_06
Read wrfout File 
/home/akioz/MyWRF/output/2025DJF/ME00/wrfout_d01_2025-02-19_18:00:00
/home/akioz/MyWRF/output/2025DJF/ME00/wrfout_d01_2025-02-20_00:00:00
/home/akioz/MyWRF/output/2025DJF/ME00/wrfout_d01_2025-02-20_06:00:00
Time: 2025-02-20_06
Back Time: 2025-02-20_00
Front Time: 2025-02-20_12
Read wrfout File 
/home/akioz/MyWRF/output/2025DJF/ME00/wrfout_d01_2025-02-20_00:00:00
/home/akioz/MyWRF/output/2025DJF/ME00/wrfout_d01_2025-02-20_06:00:00
/home/akioz/MyWRF/output/2025DJF/ME00/wrfout_d01_2025-02-20_12:00:00
Time: 2025-02-20_12
Back Time: 2025-02-20_06
Front Time: 2025-02-20_18
Read wrfout File 
/home/akioz/MyWRF/output/2025DJF/ME00/wrfout_d01_2025-02-20_06:00:00
/home/akioz/MyWRF/output/2025DJF/ME00/wrfout_d01_2025-02-20_12:00:00
/home/akioz/MyWRF/output/2025DJF/ME00/wrfout_d01_2025-02-20_18:00:00
Time: 2025-02-20_18
Back Time: 2025-02-20_12
Front Time: 2025-02-21_00
Read wrfout File 
/home/akioz/MyWRF/output/2025DJF/ME00/wrfout_d01_2025-02-20_12:00:00
/home/akioz/MyWRF/output/2025DJF/ME00/wrfout_d01_2025-02-20_18:00:00
/home/akioz/MyWRF/output/2025DJF/ME00/wrfout_d01_2025-02-21_00:00:00
Time: 2025-02-21_00
Back Time: 2025-02-20_18
Front Time: 2025-02-21_06
Read wrfout File 
/home/akioz/MyWRF/output/2025DJF/ME00/wrfout_d01_2025-02-20_18:00:00
/home/akioz/MyWRF/output/2025DJF/ME00/wrfout_d01_2025-02-21_00:00:00
/home/akioz/MyWRF/output/2025DJF/ME00/wrfout_d01_2025-02-21_06:00:00
Time: 2025-02-21_06
Back Time: 2025-02-21_00
Front Time: 2025-02-21_12
Read wrfout File 
/home/akioz/MyWRF/output/2025DJF/ME00/wrfout_d01_2025-02-21_00:00:00
/home/akioz/MyWRF/output/2025DJF/ME00/wrfout_d01_2025-02-21_06:00:00
/home/akioz/MyWRF/output/2025DJF/ME00/wrfout_d01_2025-02-21_12:00:00
Time: 2025-02-21_12
Back Time: 2025-02-21_06
Front Time: 2025-02-21_18
Read wrfout File 
/home/akioz/MyWRF/output/2025DJF/ME00/wrfout_d01_2025-02-21_06:00:00
/home/akioz/MyWRF/output/2025DJF/ME00/wrfout_d01_2025-02-21_12:00:00
/home/akioz/MyWRF/output/2025DJF/ME00/wrfout_d01_2025-02-21_18:00:00
Time: 2025-02-21_18
Back Time: 2025-02-21_12
Front Time: 2025-02-22_00
Read wrfout File 
/home/akioz/MyWRF/output/2025DJF/ME00/wrfout_d01_2025-02-21_12:00:00
/home/akioz/MyWRF/output/2025DJF/ME00/wrfout_d01_2025-02-21_18:00:00
/home/akioz/MyWRF/output/2025DJF/ME00/wrfout_d01_2025-02-22_00:00:00
Time: 2025-02-22_00
Back Time: 2025-02-21_18
Front Time: 2025-02-22_06
Read wrfout File 
/home/akioz/MyWRF/output/2025DJF/ME00/wrfout_d01_2025-02-21_18:00:00
/home/akioz/MyWRF/output/2025DJF/ME00/wrfout_d01_2025-02-22_00:00:00
/home/akioz/MyWRF/output/2025DJF/ME00/wrfout_d01_2025-02-22_06:00:00
Time: 2025-02-22_06
Back Time: 2025-02-22_00
Front Time: 2025-02-22_12
Read wrfout File 
/home/akioz/MyWRF/output/2025DJF/ME00/wrfout_d01_2025-02-22_00:00:00
/home/akioz/MyWRF/output/2025DJF/ME00/wrfout_d01_2025-02-22_06:00:00
/home/akioz/MyWRF/output/2025DJF/ME00/wrfout_d01_2025-02-22_12:00:00
Time: 2025-02-22_12
Back Time: 2025-02-22_06
Front Time: 2025-02-22_18
Read wrfout File 
/home/akioz/MyWRF/output/2025DJF/ME00/wrfout_d01_2025-02-22_06:00:00
/home/akioz/MyWRF/output/2025DJF/ME00/wrfout_d01_2025-02-22_12:00:00
/home/akioz/MyWRF/output/2025DJF/ME00/wrfout_d01_2025-02-22_18:00:00
Time: 2025-02-22_18
Back Time: 2025-02-22_12
Front Time: 2025-02-23_00
Read wrfout File 
/home/akioz/MyWRF/output/2025DJF/ME00/wrfout_d01_2025-02-22_12:00:00
/home/akioz/MyWRF/output/2025DJF/ME00/wrfout_d01_2025-02-22_18:00:00
/home/akioz/MyWRF/output/2025DJF/ME00/wrfout_d01_2025-02-23_00:00:00
Time: 2025-02-23_00
Back Time: 2025-02-22_18
Front Time: 2025-02-23_06
Read wrfout File 
/home/akioz/MyWRF/output/2025DJF/ME00/wrfout_d01_2025-02-22_18:00:00
/home/akioz/MyWRF/output/2025DJF/ME00/wrfout_d01_2025-02-23_00:00:00
/home/akioz/MyWRF/output/2025DJF/ME00/wrfout_d01_2025-02-23_06:00:00
Time: 2025-02-23_06
Back Time: 2025-02-23_00
Front Time: 2025-02-23_12
Read wrfout File 
/home/akioz/MyWRF/output/2025DJF/ME00/wrfout_d01_2025-02-23_00:00:00
/home/akioz/MyWRF/output/2025DJF/ME00/wrfout_d01_2025-02-23_06:00:00
/home/akioz/MyWRF/output/2025DJF/ME00/wrfout_d01_2025-02-23_12:00:00
Time: 2025-02-23_12
Back Time: 2025-02-23_06
Front Time: 2025-02-23_18
Read wrfout File 
/home/akioz/MyWRF/output/2025DJF/ME00/wrfout_d01_2025-02-23_06:00:00
/home/akioz/MyWRF/output/2025DJF/ME00/wrfout_d01_2025-02-23_12:00:00
/home/akioz/MyWRF/output/2025DJF/ME00/wrfout_d01_2025-02-23_18:00:00
Time: 2025-02-23_18
Back Time: 2025-02-23_12
Front Time: 2025-02-24_00
Read wrfout File 
/home/akioz/MyWRF/output/2025DJF/ME00/wrfout_d01_2025-02-23_12:00:00
/home/akioz/MyWRF/output/2025DJF/ME00/wrfout_d01_2025-02-23_18:00:00
/home/akioz/MyWRF/output/2025DJF/ME00/wrfout_d01_2025-02-24_00:00:00
Time: 2025-02-24_00
Back Time: 2025-02-23_18
Front Time: 2025-02-24_06
Read wrfout File 
/home/akioz/MyWRF/output/2025DJF/ME00/wrfout_d01_2025-02-23_18:00:00
/home/akioz/MyWRF/output/2025DJF/ME00/wrfout_d01_2025-02-24_00:00:00
/home/akioz/MyWRF/output/2025DJF/ME00/wrfout_d01_2025-02-24_06:00:00
Time: 2025-02-24_06
Back Time: 2025-02-24_00
Front Time: 2025-02-24_12
Read wrfout File 
/home/akioz/MyWRF/output/2025DJF/ME00/wrfout_d01_2025-02-24_00:00:00
/home/akioz/MyWRF/output/2025DJF/ME00/wrfout_d01_2025-02-24_06:00:00
/home/akioz/MyWRF/output/2025DJF/ME00/wrfout_d01_2025-02-24_12:00:00
Time: 2025-02-24_12
Back Time: 2025-02-24_06
Front Time: 2025-02-24_18
Read wrfout File 
/home/akioz/MyWRF/output/2025DJF/ME00/wrfout_d01_2025-02-24_06:00:00
/home/akioz/MyWRF/output/2025DJF/ME00/wrfout_d01_2025-02-24_12:00:00
/home/akioz/MyWRF/output/2025DJF/ME00/wrfout_d01_2025-02-24_18:00:00
Time: 2025-02-24_18
Back Time: 2025-02-24_12
Front Time: 2025-02-25_00
Read wrfout File 
/home/akioz/MyWRF/output/2025DJF/ME00/wrfout_d01_2025-02-24_12:00:00
/home/akioz/MyWRF/output/2025DJF/ME00/wrfout_d01_2025-02-24_18:00:00
/home/akioz/MyWRF/output/2025DJF/ME00/wrfout_d01_2025-02-25_00:00:00
Time: 2025-02-25_00
Back Time: 2025-02-24_18
Front Time: 2025-02-25_06
Read wrfout File 
/home/akioz/MyWRF/output/2025DJF/ME00/wrfout_d01_2025-02-24_18:00:00
/home/akioz/MyWRF/output/2025DJF/ME00/wrfout_d01_2025-02-25_00:00:00
/home/akioz/MyWRF/output/2025DJF/ME00/wrfout_d01_2025-02-25_06:00:00
Time: 2025-02-25_06
Back Time: 2025-02-25_00
Front Time: 2025-02-25_12
Read wrfout File 
/home/akioz/MyWRF/output/2025DJF/ME00/wrfout_d01_2025-02-25_00:00:00
/home/akioz/MyWRF/output/2025DJF/ME00/wrfout_d01_2025-02-25_06:00:00
/home/akioz/MyWRF/output/2025DJF/ME00/wrfout_d01_2025-02-25_12:00:00
Time: 2025-02-25_12
Back Time: 2025-02-25_06
Front Time: 2025-02-25_18
Read wrfout File 
/home/akioz/MyWRF/output/2025DJF/ME00/wrfout_d01_2025-02-25_06:00:00
/home/akioz/MyWRF/output/2025DJF/ME00/wrfout_d01_2025-02-25_12:00:00
/home/akioz/MyWRF/output/2025DJF/ME00/wrfout_d01_2025-02-25_18:00:00
Time: 2025-02-25_18
Back Time: 2025-02-25_12
Front Time: 2025-02-26_00
Read wrfout File 
/home/akioz/MyWRF/output/2025DJF/ME00/wrfout_d01_2025-02-25_12:00:00
/home/akioz/MyWRF/output/2025DJF/ME00/wrfout_d01_2025-02-25_18:00:00
/home/akioz/MyWRF/output/2025DJF/ME00/wrfout_d01_2025-02-26_00:00:00
Time: 2025-02-26_00
Back Time: 2025-02-25_18
Front Time: 2025-02-26_06
Read wrfout File 
/home/akioz/MyWRF/output/2025DJF/ME00/wrfout_d01_2025-02-25_18:00:00
/home/akioz/MyWRF/output/2025DJF/ME00/wrfout_d01_2025-02-26_00:00:00
/home/akioz/MyWRF/output/2025DJF/ME00/wrfout_d01_2025-02-26_06:00:00
Time: 2025-02-26_06
Back Time: 2025-02-26_00
Front Time: 2025-02-26_12
Read wrfout File 
/home/akioz/MyWRF/output/2025DJF/ME00/wrfout_d01_2025-02-26_00:00:00
/home/akioz/MyWRF/output/2025DJF/ME00/wrfout_d01_2025-02-26_06:00:00
/home/akioz/MyWRF/output/2025DJF/ME00/wrfout_d01_2025-02-26_12:00:00
Time: 2025-02-26_12
Back Time: 2025-02-26_06
Front Time: 2025-02-26_18
Read wrfout File 
/home/akioz/MyWRF/output/2025DJF/ME00/wrfout_d01_2025-02-26_06:00:00
/home/akioz/MyWRF/output/2025DJF/ME00/wrfout_d01_2025-02-26_12:00:00
/home/akioz/MyWRF/output/2025DJF/ME00/wrfout_d01_2025-02-26_18:00:00
Time: 2025-02-26_18
Back Time: 2025-02-26_12
Front Time: 2025-02-27_00
Read wrfout File 
/home/akioz/MyWRF/output/2025DJF/ME00/wrfout_d01_2025-02-26_12:00:00
/home/akioz/MyWRF/output/2025DJF/ME00/wrfout_d01_2025-02-26_18:00:00
/home/akioz/MyWRF/output/2025DJF/ME00/wrfout_d01_2025-02-27_00:00:00
Time: 2025-02-27_00
Back Time: 2025-02-26_18
Front Time: 2025-02-27_06
Read wrfout File 
/home/akioz/MyWRF/output/2025DJF/ME00/wrfout_d01_2025-02-26_18:00:00
/home/akioz/MyWRF/output/2025DJF/ME00/wrfout_d01_2025-02-27_00:00:00
/home/akioz/MyWRF/output/2025DJF/ME00/wrfout_d01_2025-02-27_06:00:00
Time: 2025-02-27_06
Back Time: 2025-02-27_00
Front Time: 2025-02-27_12
Read wrfout File 
/home/akioz/MyWRF/output/2025DJF/ME00/wrfout_d01_2025-02-27_00:00:00
/home/akioz/MyWRF/output/2025DJF/ME00/wrfout_d01_2025-02-27_06:00:00
/home/akioz/MyWRF/output/2025DJF/ME00/wrfout_d01_2025-02-27_12:00:00
Time: 2025-02-27_12
Back Time: 2025-02-27_06
Front Time: 2025-02-27_18
Read wrfout File 
/home/akioz/MyWRF/output/2025DJF/ME00/wrfout_d01_2025-02-27_06:00:00
/home/akioz/MyWRF/output/2025DJF/ME00/wrfout_d01_2025-02-27_12:00:00
/home/akioz/MyWRF/output/2025DJF/ME00/wrfout_d01_2025-02-27_18:00:00
Time: 2025-02-27_18
Back Time: 2025-02-27_12
Front Time: 2025-02-28_00
Read wrfout File 
/home/akioz/MyWRF/output/2025DJF/ME00/wrfout_d01_2025-02-27_12:00:00
/home/akioz/MyWRF/output/2025DJF/ME00/wrfout_d01_2025-02-27_18:00:00
/home/akioz/MyWRF/output/2025DJF/ME00/wrfout_d01_2025-02-28_00:00:00
Time: 2025-02-28_00
Back Time: 2025-02-27_18
Front Time: 2025-02-28_06
Read wrfout File 
/home/akioz/MyWRF/output/2025DJF/ME00/wrfout_d01_2025-02-27_18:00:00
/home/akioz/MyWRF/output/2025DJF/ME00/wrfout_d01_2025-02-28_00:00:00
/home/akioz/MyWRF/output/2025DJF/ME00/wrfout_d01_2025-02-28_06:00:00
Time: 2025-02-28_06
Back Time: 2025-02-28_00
Front Time: 2025-02-28_12
Read wrfout File 
/home/akioz/MyWRF/output/2025DJF/ME00/wrfout_d01_2025-02-28_00:00:00
/home/akioz/MyWRF/output/2025DJF/ME00/wrfout_d01_2025-02-28_06:00:00
/home/akioz/MyWRF/output/2025DJF/ME00/wrfout_d01_2025-02-28_12:00:00
Time: 2025-02-28_12
Back Time: 2025-02-28_06
Front Time: 2025-02-28_18
Read wrfout File 
/home/akioz/MyWRF/output/2025DJF/ME00/wrfout_d01_2025-02-28_06:00:00
/home/akioz/MyWRF/output/2025DJF/ME00/wrfout_d01_2025-02-28_12:00:00
/home/akioz/MyWRF/output/2025DJF/ME00/wrfout_d01_2025-02-28_18:00:00
Time: 2025-02-28_18
Back Time: 2025-02-28_12
Front Time: 2025-03-01_00
Read wrfout File 
/home/akioz/MyWRF/output/2025DJF/ME00/wrfout_d01_2025-02-28_12:00:00
/home/akioz/MyWRF/output/2025DJF/ME00/wrfout_d01_2025-02-28_18:00:00
/home/akioz/MyWRF/output/2025DJF/ME00/wrfout_d01_2025-03-01_00:00:00
Save File /home/akioz/calculate/wrf/2025DJF/ME002025DJF_aslp_at2.nc
End Program
101.10user 16.62system 1:59.68elapsed 98%CPU (0avgtext+0avgdata 391488maxresident)k
12347352inputs+93952outputs (0major+10746169minor)pagefaults 0swaps
